EIA_ID,plant,state,bal_auth,original 10k bus,capacity,new bus
152,Davis,AZ,WALC,40732,254.8,bus_40008
153,Glen Canyon,AZ,WALC,40924,1312,bus_40787
154,Hoover Dam (NV),NV,WALC,30451,1039.4,bus_30220
217,Balch 1,CA,CISO,23487,31,bus_23060
218,Balch 2,CA,CISO,23487,97.2,bus_23060
219,Belden,CA,CISO,20295,117.9,bus_20136
220,Bucks Creek,CA,CISO,20357,66,bus_20136
221,Butt Valley,CA,CISO,20472,40,bus_30001
222,Caribou 1,CA,CISO,20376,73.8,bus_20136
223,Caribou 2,CA,CISO,20376,117.9,bus_20136
229,Cow Creek,CA,CISO,20369,1.4,bus_20136
231,Cresta,CA,CISO,20330,73.8,bus_20136
235,Drum 1,CA,CISO,20410,49.2,bus_20136
236,Drum 2,CA,CISO,20410,53.1,bus_20136
239,Electra,CA,CISO,23277,102.5,bus_20136
240,Haas,CA,CISO,23319,135,bus_23060
241,Halsey,CA,CISO,20344,13.6,bus_20136
242,Hamilton Branch,CA,CISO,20472,5.3,bus_30001
249,James B Black,CA,CISO,20319,168.6,bus_13366
254,Kings River,CA,CISO,23307,48.6,bus_23060
265,Pit 1,CA,CISO,20525,69.2,bus_20136
266,Pit 3,CA,CISO,20323,80.1,bus_20136
267,Pit 4,CA,CISO,20353,103.4,bus_20136
268,Pit 5,CA,CISO,20319,141.6,bus_13366
269,Pit 6,CA,CISO,20494,79.2,bus_20026
270,Pit 7,CA,CISO,20367,109.8,bus_20136
272,Poe,CA,CISO,20379,142.8,bus_20136
275,Rock Creek,CA,CISO,20328,126,bus_20136
279,Salt Springs,CA,CISO,23490,42,bus_30001
285,Stanislaus,CA,CISO,23423,81.9,bus_23054
287,Tiger Creek,CA,CISO,23370,52.2,bus_20136
317,Big Creek 1,CA,CISO,23324,88.4,bus_23060
318,Big Creek 2,CA,CISO,23353,66.6,bus_23060
319,Big Creek 3,CA,CISO,23311,174.5,bus_23060
320,Big Creek 4,CA,CISO,23306,100,bus_23060
321,Big Creek 8,CA,CISO,23353,75,bus_23060
322,Big Creek 2A,CA,CISO,23353,110,bus_23060
328,Borel,CA,CISO,26205,12,bus_23060
337,Kaweah 1,CA,CISO,23485,2.3,bus_23060
340,Kern River No. 1,CA,CISO,26034,26.4,bus_25289
342,Lundy,CA,CISO,23393,3,bus_23060
344,Mammoth Pool,CA,CISO,23493,190,bus_23060
353,Poole,CA,CISO,23493,11.3,bus_23060
376,Pardee,CA,CISO,23278,23.6,bus_20136
380,Dion R Holm,CA,CISO,23338,156.8,bus_23060
381,Moccasin,CA,CISO,23281,100,bus_23054
382,R C Kirkwood,CA,CISO,23338,115.5,bus_23060
385,Drop 2,CA,IID,28736,10,bus_40004
386,Drop 3,CA,IID,28736,9.2,bus_40004
387,Drop 4,CA,IID,28736,19.6,bus_40004
388,Pilot Knob,CA,IID,28915,33,bus_40004
391,Big Pine,CA,LDWP,23363,3.2,bus_23060
393,Control Gorge,CA,LDWP,23363,37.5,bus_23060
394,Cottonwood,CA,LDWP,23333,1.6,bus_28099
398,Haiwee,CA,LDWP,23333,5.6,bus_28099
401,Middle Gorge,CA,LDWP,23337,37.5,bus_23060
402,Pleasant Valley,CA,LDWP,23363,3.2,bus_23060
407,Upper Gorge,CA,LDWP,23393,37.5,bus_23060
409,Exchequer,CA,CISO,23469,94.5,bus_23054
410,McSwain,CA,CISO,23469,9,bus_23054
412,Chicago Park,CA,CISO,20505,44,bus_20136
415,Donnells,CA,CISO,23272,72,bus_23060
418,Kelly Ridge,CA,CISO,20439,10,bus_20136
419,Woodleaf,CA,CISO,20383,67.2,bus_20136
424,French Meadows,CA,CISO,20283,15.3,bus_20136
425,Middle Fork,CA,CISO,20418,122.4,bus_20136
426,Oxbow,CA,CISO,20454,6.1,bus_20136
427,Ralston,CA,CISO,20454,79.2,bus_20136
430,Camino,CA,BANC,20541,157.8,bus_20136
431,Jaybird,CA,BANC,20541,161.6,bus_20136
432,Loon Lake,CA,BANC,20283,74.1,bus_20136
433,Robbs Peak,CA,BANC,20406,25.5,bus_20136
435,White Rock/Slab Creek,CA,BANC,20313,266.5,bus_20136
437,Edward C Hyatt,CA,CISO,20439,644.1,bus_20136
439,Don Pedro,CA,TIDC,23502,170.8,bus_23060
440,La Grange,CA,TIDC,23503,4.5,bus_23060
441,Folsom,CA,WALC,20396,198.6,bus_20136
442,Judge F Carr,CA,WALC,20482,154.4,bus_20026
443,Keswick,CA,WALC,20462,117,bus_20026
445,Shasta,CA,WALC,20390,714,bus_20026
447,Parker,CA,WALC,28991,120,bus_40006
450,Spring Creek,CA,WALC,20479,180,bus_20026
451,Trinity,CA,WALC,20351,140,bus_20026
454,Colgate,CA,CISO,20544,315,bus_20136
455,Narrows 2,CA,CISO,20372,46.7,bus_20136
472,Georgetown,CO,PSCO,60746,1.2,bus_60194
474,Salida No. 1,CO,PSCO,60827,0.6,bus_60003
476,Shoshone,CO,PSCO,60848,14.4,bus_60003
489,Upper Dawson,CA,TIDC,23503,4.4,bus_23060
505,Boysen,WY,WAUW,70111,15,bus_70063
512,Blue Mesa,CO,WACM,60811,86.4,bus_60003
513,Estes,CO,WACM,60856,45,bus_60194
514,Morrow Point,CO,WACM,60807,173.2,bus_60003
515,Big Thompson,CO,WACM,60783,4.5,bus_60194
516,Green Mountain,CO,WACM,60798,26,bus_60003
517,Marys Lake,CO,WACM,60857,8.1,bus_60194
519,Pole Hill,CO,WACM,60722,38.2,bus_60194
520,Lower Molina,CO,WACM,60847,5.6,bus_60003
521,Upper Molina,CO,WACM,60847,9.9,bus_60003
534,Jones Fork,CA,BANC,20407,10,bus_20136
537,Camanche,CA,CISO,20470,10.8,bus_23060
584,Navajo Dam,NM,WACM,53222,30,bus_60000
585,Drop 1,CA,IID,40722,5.7,bus_40004
586,East Highline,CA,IID,28733,2.4,bus_40004
622,South Fork Tolt,WA,SCL,10925,16.8,bus_10228
682,Kerckhoff 2,CA,CISO,23293,139.5,bus_23060
790,Gem State,ID,PACE,74268,23.4,bus_70000
809,American Falls,ID,IPCO,74313,92.4,bus_50196
810,Bliss,ID,IPCO,74261,75,bus_50007
811,Brownlee,ID,IPCO,74252,675,bus_13446
812,C J Strike,ID,IPCO,74307,82.8,bus_74001
813,Cascade,ID,IPCO,13544,12.4,bus_13446
814,Clear Lake,ID,IPCO,74333,2.5,bus_74104
815,Lower Malad,ID,IPCO,74199,13.5,bus_74104
816,Lower Salmon,ID,IPCO,74199,60,bus_74104
818,Shoshone Falls,ID,IPCO,74322,11.5,bus_50196
819,Swan Falls,ID,IPCO,74228,25,bus_74001
821,Twin Falls,ID,IPCO,74322,52.7,bus_50196
822,Upper Salmon A,ID,IPCO,74332,18,bus_74104
827,Grace,ID,PACE,74317,33,bus_50196
829,Oneida,ID,PACE,74284,30,bus_50196
831,Soda,ID,PACE,74318,14.5,bus_50196
833,Cabinet Gorge,ID,AVA,74236,265.2,bus_74235
835,Post Falls,ID,AVA,74212,14.5,bus_10677
850,Palisades,ID,BPAT,74196,176.4,bus_70000
917,Quincy Chute,WA,GCPD,10901,9.4,bus_10558
2181,Black Eagle,MT,NWMT,77200,24,bus_74132
2182,Cochrane,MT,NWMT,77267,60.4,bus_74132
2186,Holter,MT,NWMT,77270,38.4,bus_74132
2188,Séliš Ksanka QÍispé,MT,NWMT,77236,207.6,bus_74235
2191,Morony,MT,NWMT,77294,63,bus_74132
2194,Ryan,MT,NWMT,77291,52.8,bus_74132
2195,Thompson Falls,MT,NWMT,77252,98.1,bus_74235
2199,Noxon Rapids,MT,AVA,77274,569.5,bus_74235
2204,Yellowtail,MT,WAUW,77216,268.8,bus_77001
3013,Hells Canyon,OR,IPCO,13597,391.5,bus_13446
3014,Oxbow_OR,OR,IPCO,13543,190,bus_13446
3020,Clearwater 1,OR,PACW,13603,15,bus_13000
3021,Clearwater 2,OR,PACW,13659,26,bus_20007
3024,Eagle Point,OR,PACW,13632,2.8,bus_13366
3025,East Side,OR,PACW,13522,3.2,bus_13366
3026,Fish Creek,OR,PACW,13600,11,bus_13000
3028,John C Boyle,OR,PACW,13460,98.7,bus_13366
3029,Lemolo 1,OR,PACW,13633,32,bus_13366
3032,Prospect 1,OR,PACW,13612,3.8,bus_13366
3033,Prospect 2,OR,PACW,13612,32,bus_13366
3034,Prospect 3,OR,PACW,13612,7.2,bus_13366
3035,Prospect 4,OR,PACW,13612,1,bus_13366
3036,Slide Creek,OR,PACW,13600,18,bus_13000
3037,Soda Springs,OR,PACW,13600,11,bus_13000
3040,Toketee,OR,PACW,13680,42.6,bus_13000
3045,Faraday,OR,PGE,13593,19.2,bus_10093
3047,North Fork,OR,PGE,13593,40.8,bus_10093
3048,Pelton,OR,PGE,13663,109.8,bus_10093
3049,River Mill,OR,PGE,13593,18.8,bus_10093
3050,Round Butte,OR,PGE,13526,372.5,bus_13504
3053,Sullivan,OR,PGE,11050,15.4,bus_10093
3067,Carmen Smith,OR,BPAT,13454,114.3,bus_10093
3068,Leaburg,OR,BPAT,13586,15.9,bus_20007
3071,Walterville,OR,BPAT,13563,8,bus_10093
3646,Cutler,UT,PACE,50379,30,bus_50196
3847,Merwin,WA,PACW,10955,136,bus_10093
3850,Swift 1,WA,PACW,10742,240,bus_10093
3852,Yale,WA,PACW,10813,134,bus_10093
3854,Electron,WA,PSEI,10836,22.8,bus_10228
3855,Lower Baker,WA,PSEI,10758,111.2,bus_10228
3861,Upper Baker,WA,PSEI,11037,104.8,bus_10228
3866,Little Falls,WA,AVA,11054,43.2,bus_10677
3867,Long Lake,WA,AVA,10972,70,bus_10677
3868,Meyers Falls,WA,AVA,10818,1.6,bus_11016
3869,Nine Mile,WA,AVA,10869,37.6,bus_10677
3891,Box Canyon,WA,AVA,10993,90,bus_74053
3913,Alder,WA,TPWR,10998,50,bus_10093
3914,Cushman 1,WA,TPWR,11008,43.2,bus_10228
3915,Cushman 2,WA,TPWR,10731,84.6,bus_10228
3916,LaGrande,WA,TPWR,10842,64,bus_10093
3917,Mayfield,WA,TPWR,10757,162,bus_10033
3918,Mossyrock,WA,TPWR,10864,300,bus_10093
3929,Packwood,WA,BPAT,10966,27.5,bus_10228
4176,Fremont Canyon,WY,WAUW,70111,66.8,bus_70063
4177,Glendo,WY,WAUW,70172,38,bus_60194
4178,Guernsey,WY,WAUW,70172,6.4,bus_60194
4180,Kortes,WY,WAUW,70182,36,bus_70063
4182,Seminoe,WY,WAUW,70182,51.6,bus_70063
4183,Shoshone_WY,WY,WAUW,77213,3,bus_77001
4185,Fontenelle,WY,WAUW,70188,10,bus_50316
4213,Portland No. 1,OR,PGE,13665,23.7,bus_10093
4214,Portland No. 2,OR,PGE,13665,11.8,bus_10093
4263,Echo Dam,UT,PACE,50412,4.4,bus_50316
6158,New Melones,CA,WALC,23453,300,bus_23060
6159,Crystal,CO,WACM,60765,28,bus_60003
6172,Libby,MT,BPAT,77187,525,bus_74235
6202,Ross,WA,SCL,10919,450,bus_10228
6395,Anderson Ranch,ID,BPAT,74298,40,bus_74001
6396,Black Canyon,ID,BPAT,74328,10.2,bus_13446
6397,Boise R Diversion,ID,IPCO,74220,3.3,bus_74001
6398,Minidoka,ID,BPAT,74248,27.7,bus_50196
6400,Canyon Ferry,MT,WAUW,77228,49.8,bus_77001
6402,Elephant Butte,NM,WACM,53300,27.9,bus_80007
6403,Green Springs,OR,BPAT,20415,17.2,bus_13366
6405,Flaming Gorge,UT,WAUW,50458,151.8,bus_50316
6406,Chandler,WA,BPAT,10811,12,bus_13504
6407,Roza,WA,BPAT,10746,12.9,bus_10570
6408,Heart Mountain,WY,WAUW,77213,5,bus_77001
6409,Alcova,WY,WAUW,70166,41.4,bus_70063
6421,Lemolo 2,OR,PACW,13659,38.5,bus_20007
6424,Chelan,WA,CHPD,10873,59.2,bus_10750
6430,Cedar Falls,WA,SCL,10867,30,bus_10228
6431,Gorge,WA,SCL,10771,207.3,bus_10228
6432,Diablo,WA,SCL,10806,182.4,bus_10228
6433,Boundary,WA,SCL,11041,1118.6,bus_11016
6484,Bend,OR,PACW,13528,1.1,bus_13504
6505,Oak Grove,OR,PGE,13577,51,bus_10093
6506,Moyie Springs,ID,BPAT,74266,3.9,bus_74053
6612,Union Valley,CA,BANC,20347,38.6,bus_20136
7072,Mojave Siphon,CA,CISO,28896,32.7,bus_28099
7079,Upper Salmon B,ID,IPCO,74332,16.5,bus_74104
7113,Potholes East Canal Headworks,WA,GCPD,10727,6.6,bus_10750
7127,Wynoochee,WA,TPWR,11009,12.8,bus_10228
7151,Stony Gorge,CA,CISO,20299,5,bus_20136
7179,Headgate Rock,AZ,WALC,28992,19.5,bus_40006
7189,Whiskeytown,CA,WALC,20483,3.5,bus_20026
7190,Milner Hydro,ID,IPCO,74324,59.5,bus_50196
7233,Tesla,CO,WACM,60763,26.6,bus_60194
7317,Buffalo Bill,WY,WAUW,77213,18,bus_77001
7372,McPhee,CO,WACM,60735,1.2,bus_60003
7373,Towaoc,CO,WACM,53215,11.4,bus_60003
7427,Cowlitz Falls,WA,BPAT,10694,70,bus_10093
7508,Stone Creek,OR,PGE,13578,12,bus_10093
7511,McNary Fish,WA,BPAT,13475,10,bus_13504
7541,Spirit Mountain,WY,WAUW,77213,4.5,bus_77001
7588,Jackson,WA,BPAT,10728,111.8,bus_10228
7593,El Vado Dam,NM,WACM,53224,8,bus_60000
7789,Abiquiu Dam,NM,WACM,53248,15.6,bus_40367
7907,Pine Flat,CA,CISO,23436,165,bus_23060
8902,Hoover Dam (AZ),AZ,WALC,30451,1039.4,bus_30220
9095,Monroe Street,WA,AVA,10778,14.8,bus_10677
9096,Upper Falls,WA,AVA,10778,10,bus_10677
10014,Lucky Peak,ID,IPCO,74220,101.2,bus_74001
10070,Foothills Hydro Plant,CO,WACM,60841,3.1,bus_60194
10081,Strontia Springs Hydro Plant,CO,PSCO,60841,1,bus_60194
10421,Dillon Hydro Plant,CO,PSCO,60799,1.8,bus_60003
10422,Williams Fork Hydro Plant,CO,WACM,60798,3.5,bus_60003
10458,Muck Valley Hydroelectric,CA,CISO,20526,29.9,bus_20136
10707,Cove Hydroelectric,CA,CISO,20370,5,bus_20026
10735,Barber Dam,ID,IPCO,74220,4.1,bus_74001
10740,Magic Dam Hydroelectric Project,ID,IPCO,74200,9,bus_74104
10882,Hatchet Creek Project,CA,CISO,20370,6.8,bus_20026
50179,Lake Siskiyou,CA,PACW,20536,5,bus_20026
50180,Olsen,CA,CISO,20371,5,bus_20026
50322,Madera Canal (Site 980 65),CA,CISO,23495,2.1,bus_23060
50360,Michell Butte Power Project,OR,IPCO,74329,1.8,bus_13446
50380,Upriver Dam Hydro Plant,WA,AVA,10872,17.6,bus_10677
50755,New Hogan,CA,CISO,23278,3,bus_20136
50827,Twin Falls Hydro,WA,PSEI,10802,24,bus_10228
50895,Bypass,ID,IPCO,74324,9.9,bus_50196
50896,S E Hazelton A,ID,IPCO,74324,8.4,bus_50196
50980,Central Oregon Siphon,OR,PACW,13528,5.4,bus_13504
54249,Smith Creek,ID,BPAT,74266,38.1,bus_74053
54267,Koma Kulshan,WA,PSEI,11037,12,bus_10228
54306,Wilson Lake Hydroelectric Project,ID,IPCO,74322,8.4,bus_50196
54514,Blind Canyon Hydro,ID,IPCO,74333,1.3,bus_74104
54524,Horseshoe Bend Hydro Partners,ID,IPCO,74220,9.4,bus_74001
54554,Spicer Meadow Project,CA,CISO,23272,5.9,bus_23060
54555,Collierville Powerhouse,CA,CISO,23423,253,bus_23054
54558,Hazelton B Hydro,ID,IPCO,74324,7.6,bus_50196
54721,Reregulating,OR,PACW,13663,19.6,bus_10093
56498,Mora Drop Hydroelectric Project,ID,IPCO,74228,1.7,bus_74001
56499,Tiber,MT,WAUW,77294,7.5,bus_74132
56694,Russell D Smith,WA,BPAT,10811,6.1,bus_13504
56695,Summer Falls Power Plant,WA,AVA,10902,92,bus_10558
56696,Eltopia Branch Canal 4.6,WA,BPAT,10811,2.2,bus_13504
56697,Potholes East Canal 66.0,WA,BPAT,10811,2.3,bus_13504
56698,Dry Falls Dam (Main Canal Headworks),WA,AVA,11047,26.8,bus_10558
57496,Tieton,WA,PACW,10966,13.8,bus_10228
840,Dworshak,ID,BPAT,74276,465,bus_13446
851,Albeni Falls,ID,BPAT,74301,42,bus_74235
2203,Hungry Horse,MT,BPAT,77223,428,bus_74235
3074,Big Cliff,OR,BPAT,13488,18,bus_10093
3075,Bonneville,OR,BPAT,13669,1162,bus_10093
3076,Cougar,OR,BPAT,13533,26,bus_10093
3077,Detroit,OR,BPAT,13488,100,bus_10093
3078,Dexter,OR,BPAT,13583,15,bus_13504
3080,Green Peter,OR,BPAT,13650,80,bus_10093
3081,Hills Creek,OR,BPAT,13513,30,bus_10093
3082,John Day,OR,BPAT,13499,2160,bus_13504
3083,Lookout Point,OR,BPAT,13583,120,bus_13504
3084,McNary,OR,BPAT,13475,990.5,bus_13504
3883,Rocky Reach,WA,CHPD,10710,1299.6,bus_11016
3886,Wells,WA,DOPD,11077,774,bus_10750
3887,Priest Rapids,WA,BPAT,10683,955.6,bus_13504
3888,Wanapum,WA,GCPD,10908,1098,bus_13504
3895,The Dalles,OR,BPAT,13625,1819.7,bus_13504
3921,Chief Joseph,WA,BPAT,10750,2456.2,bus_10750
3925,Ice Harbor,WA,BPAT,10847,603,bus_13504
3926,Little Goose,WA,BPAT,10879,810,bus_13446
3927,Lower Monumental,WA,BPAT,10944,810,bus_13504
6163,Grand Coulee,WA,BPAT,11014,6809,bus_11016
6174,Lost Creek,OR,PACW,13655,49,bus_13366
6175,Lower Granite,WA,BPAT,10829,810,bus_13446
6200,Rock Island,WA,CHPD,10722,629.4,bus_10750
6552,Foster,OR,BPAT,13653,20,bus_10093