EIA_ID,lead,NSE,KGE,r2,RMSE,PBIAS,type
145,0,0.9564900471417925,0.9780485252391621,0.97830217803453845,4.248796954902591,0.2,Persistence
145,1,0.8694231315077293,0.9345060708913225,0.9354380533565183,7.3026377709095875,0.4,Persistence
145,2,0.786593833802996,0.8938985486601736,0.8946394640512818,9.319810885188785,0.4,Persistence
145,3,0.7345383806156065,0.8678600641477721,0.871140399418619,10.249760938142765,1.3,Persistence
145,4,0.6931433301140069,0.8479373399262562,0.8506511730098046,11.044167011964642,1.6,Persistence
145,5,0.6451835776893511,0.8239732994092183,0.8242045094596625,12.053139709468875,0.1,Persistence
145,6,0.6336312294548602,0.8168141914444073,0.8168196712603889,12.357116152096884,-0.1,Persistence
149,0,0.8817012893682588,0.9309960510007163,0.9439113137705686,16.44228273084807,0.1,Persistence
149,1,0.5001302894804198,0.7293641234531852,0.8025795921264556,29.759201687201987,3.7,Persistence
149,2,0.07223253815795805,0.5762658817660443,0.6287284168254774,40.045478957565216,5.7,Persistence
149,3,-0.014818731079726088,0.5065808026356745,0.5086671791218068,48.567531732789774,3.3,Persistence
149,4,0.07162886100845112,0.5435589439396122,0.5439090806692924,47.091601618880055,0.4,Persistence
149,5,0.15353754757674976,0.5799919160916682,0.5800960167593794,45.39315991661938,-0.5,Persistence
149,6,0.1433519603837382,0.5717122175399267,0.5717142669832097,46.01944573157669,-0.1,Persistence
150,0,0.9796126694043004,0.9873128263704587,0.9897754488394098,2.751158087207509,-0.4,Persistence
150,1,0.9583636969118361,0.9753589702394725,0.979069871088806,3.9479141887260387,-0.8,Persistence
150,2,0.9404814629150168,0.9685805564539378,0.9700925764468147,4.703935028938278,-0.7,Persistence
150,3,0.9245982391814447,0.9606161304855554,0.9620488930095336,5.301950665899584,-0.6,Persistence
150,4,0.91207339178784,0.9558350825913936,0.9559227958420712,5.692248315209283,-0.1,Persistence
150,5,0.9097602535395602,0.9547510750090118,0.9548644948061842,5.754342489766928,-0.3,Persistence
150,6,0.8842803606664743,0.9420624484226695,0.9420906875731571,6.51859297540911,-0.2,Persistence
152,0,0.9891707167200642,0.9908146804993734,0.9946615427518786,24.805061981461577,-0.1,Persistence
152,1,0.9411887133661363,0.9702790246660832,0.9705482371449712,58.40801541022573,-0.3,Persistence
152,2,0.9111407562012149,0.9547648046424253,0.9552978421678662,72.06837731689774,-0.1,Persistence
152,3,0.8897794011275769,0.9439918878996384,0.9445016211883039,80.32247316593939,-0,Persistence
152,4,0.8703272170973974,0.9350475051249711,0.9350683219564727,86.59848566947663,0.1,Persistence
152,5,0.8738834244005834,0.9369701911638659,0.9374751300344408,84.61552094275817,0.2,Persistence
152,6,0.8959167256810306,0.9479424675307058,0.9479441058719179,77.48888564791847,0,Persistence
153,0,0.9990843354304031,0.9981813176899039,0.999545453717988,13.275254604251636,-0.1,Persistence
153,1,0.996412231817991,0.9964155266553104,0.9982183281702177,26.245392194791794,-0.2,Persistence
153,2,0.9922727884353321,0.9951902037006994,0.996152268805511,38.52360779234825,-0.1,Persistence
153,3,0.9870908239496188,0.9934246742523579,0.9935539561016913,49.85904044536986,-0.1,Persistence
153,4,0.9813482134098986,0.9906580258345232,0.9906721475824041,60.01417810186067,0,Persistence
153,5,0.9750925124513804,0.9874990062925146,0.9875393560842657,69.37937510264067,0.1,Persistence
153,6,0.9678189334351701,0.9839088585414107,0.9839089271709799,78.81372778391709,0,Persistence
154,0,0.9868736500386193,0.9918377144898652,0.9934307643852767,39.58434368948803,-0.2,Persistence
154,1,0.9639390082571644,0.9784778973063349,0.9818508820823135,66.06672393605703,-0.3,Persistence
154,2,0.9511283307741539,0.9725778239116737,0.9753479176446948,76.96607015443577,-0.2,Persistence
154,3,0.9420827246378617,0.9693837201174279,0.9708142397216185,83.5614728783806,0,Persistence
154,4,0.931107966467765,0.964975130100875,0.9653875066991178,90.77161766351269,0.1,Persistence
154,5,0.9158052340437947,0.9577730838778347,0.9578252240442202,100.0105705711295,0.1,Persistence
154,6,0.8972180868450566,0.9486105304473927,0.9486105868806484,110.28391583624087,-0,Persistence
221,0,0.7929610315562985,0.8912499872967243,0.894188664249604,4.065535974017979,-0.5,Persistence
221,1,0.42138497468253266,0.7162508022763174,0.7172703766835283,6.485013237731535,-0.9,Persistence
221,2,0.11365775959212387,0.5548787965515527,0.5551016120100211,8.23877369756373,-1.3,Persistence
221,3,-0.1145351862963766,0.4686586582024673,0.47119150919081754,8.751522429407114,0.8,Persistence
221,4,-0.2876352023300148,0.4014905804869707,0.40704710429152274,9.155270943189734,1.4,Persistence
221,5,-0.2910076906926007,0.40219074092536533,0.408304771457026,9.128039887773516,0.9,Persistence
221,6,-0.18265788290668206,0.4086672996957468,0.40866730023376374,9.477130053030216,0,Persistence
222,0,0.7962874703163721,0.8388398405270338,0.9181368576984309,27.97027934961723,3.8,Persistence
222,1,0.17493167630021988,0.5871094421501543,0.7145512444954838,49.33867391380979,5.5,Persistence
222,2,0.04647874652579276,0.5611742895086462,0.5830026192367398,61.02165955941507,5.7,Persistence
222,3,-0.39274862814078526,0.4036490801889411,0.4588640751596538,67.15393511649786,8.8,Persistence
222,4,-0.8467549859575239,0.2659693412246107,0.35879473188747096,70.95554052359934,9.2,Persistence
222,5,-0.7882580575168345,0.28282100665848453,0.36095013870501946,71.23112756222132,6.6,Persistence
222,6,-0.36006414310793233,0.319968817278358,0.31996881748590544,81.92221512580156,-0,Persistence
223,0,0.7962874703163721,0.8388398405270338,0.9181368576984309,27.97027934961723,3.8,Persistence
223,1,0.17493167630021988,0.5871094421501543,0.7145512444954838,49.33867391380979,5.5,Persistence
223,2,0.04647874652579276,0.5611742895086462,0.5830026192367398,61.02165955941507,5.7,Persistence
223,3,-0.39274862814078526,0.4036490801889411,0.4588640751596538,67.15393511649786,8.8,Persistence
223,4,-0.8467549859575239,0.2659693412246107,0.35879473188747096,70.95554052359934,9.2,Persistence
223,5,-0.7882580575168345,0.28282100665848453,0.36095013870501946,71.23112756222132,6.6,Persistence
223,6,-0.36006414310793233,0.319968817278358,0.31996881748590544,81.92221512580156,-0,Persistence
240,0,0.9975642974513321,0.9927115332955575,0.9988146349855714,0.241653697271994,0.3,Persistence
240,1,0.9923282350503769,0.9897282668793824,0.9962452977176031,0.42759319652071587,0.1,Persistence
240,2,0.9855480830279342,0.9907222370972417,0.9928323844209105,0.5890592144829341,0.1,Persistence
240,3,0.9767742976523837,0.9875481335004221,0.9884462361187356,0.7478962148423093,-0.2,Persistence
240,4,0.9703462558756878,0.9835897361790764,0.9853034996754413,0.8426739255791235,0.2,Persistence
240,5,0.9580382637692177,0.9787275207079753,0.9789954310362643,1.0108735174786787,-0.3,Persistence
240,6,0.9488630873752069,0.9744333713182426,0.9744347783423548,1.1142857568436308,-0,Persistence
242,0,0.7730471475948504,0.8866156713290184,0.887253097920593,0.46337270610542536,1,Persistence
242,1,0.2069545022425593,0.6296396863132283,0.6700523341726509,0.7504405076625562,4.7,Persistence
242,2,-0.29146189998219896,0.4364082437039737,0.4722669385609793,0.9355001266483681,5.9,Persistence
242,3,-0.5611217998258944,0.32456106490687053,0.35733958135200167,1.0310838608335986,9.3,Persistence
242,4,-0.770738590884049,0.24877704951457447,0.2851630659257178,1.079216991626294,10.3,Persistence
242,5,-0.7144471907199326,0.25453029958018425,0.2752539867009336,1.101248597748278,6.1,Persistence
242,6,-0.4339544139274847,0.28303654391723565,0.28303655136753003,1.1719417621546229,-0,Persistence
249,0,0.9336633652773556,0.9620018589769822,0.9664039626896797,11.612824379707348,-0.3,Persistence
249,1,0.8087332393894818,0.9008411203243138,0.9027153236133264,19.746821008596868,-0.3,Persistence
249,2,0.7080175818264788,0.8544726084554177,0.8545174820842567,23.854563894266043,0.1,Persistence
249,3,0.6304809011852972,0.817488705864093,0.8181404217376336,26.522768681493204,0.2,Persistence
249,4,0.5602293975956893,0.7849653583203946,0.7873383728289887,28.47835872036558,0.4,Persistence
249,5,0.47875229004329345,0.7428840450299714,0.7433181728894802,31.512106215225888,0.1,Persistence
249,6,0.40229265440629114,0.7011408845461766,0.7011408909020258,34.24841340848012,0,Persistence
254,0,0.9966192004654253,0.9961680691465228,0.9983118780951744,2.6153220714821748,0.3,Persistence
254,1,0.9900602692250832,0.9929296119822604,0.9950377333515069,4.480875071211619,0.5,Persistence
254,2,0.9836876599425084,0.9876741912097633,0.9918911452537315,5.725597712083061,0.9,Persistence
254,3,0.977177981577494,0.9868300541066729,0.9885927291457955,6.795427146820966,0.7,Persistence
254,4,0.9689441584276409,0.9835376269511479,0.9844060481904473,7.961723105453719,0.1,Persistence
254,5,0.9637080476736576,0.9809084785498124,0.9818085206090625,8.589885612324636,-0.5,Persistence
254,6,0.9561473188560684,0.9780744218061853,0.9780752251832289,9.41198969086514,-0,Persistence
266,0,0.9173131557495399,0.9501393467689634,0.9579080379114601,12.341825832816165,-0.4,Persistence
266,1,0.7871357692819461,0.8897904071501241,0.8916358064234289,19.66729125819837,-0.4,Persistence
266,2,0.6753953756750946,0.8362640364701968,0.8364783330601195,23.992108811321526,-0.3,Persistence
266,3,0.5787033584519674,0.7908189148159148,0.7909545616997282,26.919689895625826,-0,Persistence
266,4,0.47952307201244515,0.7452253020188107,0.7464791499868098,29.40425244380478,0.1,Persistence
266,5,0.3787124834991078,0.6937854214577058,0.6941723162162926,32.438551624972355,0.1,Persistence
266,6,0.3312808315257012,0.6656267143921021,0.6656267344030211,34.172326363614424,0,Persistence
270,0,0.3155282794871611,0.6753650623781832,0.7102747561818465,7.217497295279318,-2.2,Persistence
270,1,-0.16389854947967786,0.47738155768393187,0.4968025893655293,9.472558926839543,-3.2,Persistence
270,2,-0.6084575557567244,0.335165510699045,0.39824064433169026,9.947168192704977,7.2,Persistence
270,3,-1.0765324406687253,0.20275159379111962,0.31675702807213313,10.275823442671074,9.1,Persistence
270,4,-1.0034476787737012,0.2112375653874179,0.28302794407545223,10.68082317878729,5.8,Persistence
270,5,-0.7258829084138536,0.2709574707539393,0.3012856053700476,10.89042798697943,3.7,Persistence
270,6,-0.34414728518979465,0.3279319888198988,0.3279319933404908,11.57923648455909,-0,Persistence
279,0,0.8367647231268612,0.888621386204596,0.9279394419934613,4.23584611853591,1.9,Persistence
279,1,0.5082230825859406,0.7594785862188707,0.7611376931699181,7.746317646881833,0.5,Persistence
279,2,0.35138793167516524,0.6877499976186641,0.6916944703289136,8.724648692477263,1.2,Persistence
279,3,0.31265659892353626,0.6759331841119189,0.6942596299209155,8.515874191163304,2.2,Persistence
279,4,0.2803029104537761,0.6622637437203179,0.6916648710773449,8.475988917234304,2.1,Persistence
279,5,0.2291380119584212,0.6340434715243626,0.6397738408811219,9.366291862849115,0.6,Persistence
279,6,0.22610583212273938,0.6130741466500835,0.613074163821757,9.986646173276434,-0,Persistence
317,0,0.9496504652640827,0.9744188090014057,0.974736429703144,0.37542532734556083,0.1,Persistence
317,1,0.8623515409295367,0.9257355341224206,0.9297983625715044,0.6334174828919288,-0.5,Persistence
317,2,0.7934459895758068,0.8824351599527082,0.8928249248956233,0.7949458329769954,-1.1,Persistence
317,3,0.728726900098695,0.8462521285623003,0.8586222790162709,0.9164158331175759,-2.9,Persistence
317,4,0.7002886120057364,0.8445890580120851,0.8476309460148058,0.9302941077353053,-2.4,Persistence
317,5,0.674019023288932,0.8323526715507172,0.8339320183866822,0.9710548930054075,-1.1,Persistence
317,6,0.6459973951228,0.8229789176847854,0.822979376493571,0.9917699892973961,0,Persistence
320,0,0.3045489943174198,0.5651149980309036,0.7566512422265562,20.85421691562068,27.7,Persistence
320,1,-0.22531718817314683,0.344882591112013,0.6622577828652632,23.999007870740293,37.4,Persistence
320,2,-0.25879262861502283,0.36528336382022497,0.5930192569629175,26.073276445714477,36.4,Persistence
320,3,-0.3016786566467493,0.357209286740895,0.5697353026221961,26.73754409364478,36.1,Persistence
320,4,-0.45941843771810276,0.3020316113515551,0.5731851614524786,26.373195674920936,37.1,Persistence
320,5,0.33178608423464273,0.6056334420248077,0.6503012333796206,27.396848213196385,-16.3,Persistence
320,6,0.2854720740690576,0.6427434457351485,0.6427434516172531,26.001535616906384,-0,Persistence
322,0,-0.3076896542795935,0.3230743205404495,0.6157860376144402,22.831917322172917,38.7,Persistence
322,1,-0.8743971326589539,0.1197219104701589,0.5509936998008789,24.2707970177052,48.9,Persistence
322,2,-0.8760209423442973,0.14064039716704335,0.5107456508981436,25.1416234342798,47.4,Persistence
322,3,-0.9649988970520826,0.11974887469088424,0.48646067042492397,25.632647292763224,48,Persistence
322,4,-1.0455407855231051,0.09847861774751221,0.4798959151156464,25.71286051337264,48.3,Persistence
322,5,0.25583224651013836,0.47864221195443113,0.5833929896665607,29.79358754234906,-24.9,Persistence
322,6,0.18461828567744432,0.5923068609671969,0.5923068616362701,25.26443757185528,0,Persistence
344,0,-0.3076896542795935,0.3230743205404495,0.6157860376144402,22.831917322172917,38.7,Persistence
344,1,-0.8743971326589539,0.1197219104701589,0.5509936998008789,24.2707970177052,48.9,Persistence
344,2,-0.8760209423442973,0.14064039716704335,0.5107456508981436,25.1416234342798,47.4,Persistence
344,3,-0.9649988970520826,0.11974887469088424,0.48646067042492397,25.632647292763224,48,Persistence
344,4,-1.0455407855231051,0.09847861774751221,0.4798959151156464,25.71286051337264,48.3,Persistence
344,5,0.25583224651013836,0.47864221195443113,0.5833929896665607,29.79358754234906,-24.9,Persistence
344,6,0.18461828567744432,0.5923068609671969,0.5923068616362701,25.26443757185528,0,Persistence
376,0,0.9109772458220496,0.9506165941667705,0.9549695220812477,13.274776418010903,1.3,Persistence
376,1,0.6162630627303838,0.7914338069420546,0.8371155403166574,24.090048531148412,3.1,Persistence
376,2,0.4004950179104454,0.7028211888766733,0.7050370465416055,33.42930657222886,3.3,Persistence
376,3,0.2767861548721551,0.6503181493389321,0.7143570773973453,31.163786626927134,4.9,Persistence
376,4,-0.03854343147320205,0.4869572010659081,0.6899479271353902,31.78051359605886,5.6,Persistence
376,5,-0.12936344704936453,0.48485599381974465,0.632912378301853,34.22845691116275,2.9,Persistence
376,6,0.047615382824803154,0.5238364912755306,0.5238365293469509,42.75418058669308,-0,Persistence
380,0,0.7127704354577388,0.8542904082844394,0.8613770958984465,5.744967069627351,3.3,Persistence
380,1,0.2864073777449355,0.6578575570547589,0.665344790620881,8.807787387329617,3.9,Persistence
380,2,0.08114480651894695,0.5424032386597168,0.5438592891103649,10.522815143413728,3.6,Persistence
380,3,-0.00627415235731088,0.5233661040189763,0.5273866228138292,10.450352821144294,1.2,Persistence
380,4,-0.09902058622650545,0.4960272041472935,0.5068528141884249,10.497949336745604,1,Persistence
380,5,-0.0830949566736392,0.45156407745834515,0.4520685497570129,11.638372173011197,-2,Persistence
380,6,-0.052023535610130844,0.4739859238123201,0.47398592414222274,11.333047042763896,0,Persistence
382,0,0.7127704354577388,0.8542904082844394,0.8613770958984465,5.744967069627351,3.3,Persistence
382,1,0.2864073777449355,0.6578575570547589,0.665344790620881,8.807787387329617,3.9,Persistence
382,2,0.08114480651894695,0.5424032386597168,0.5438592891103649,10.522815143413728,3.6,Persistence
382,3,-0.00627415235731088,0.5233661040189763,0.5273866228138292,10.450352821144294,1.2,Persistence
382,4,-0.09902058622650545,0.4960272041472935,0.5068528141884249,10.497949336745604,1,Persistence
382,5,-0.0830949566736392,0.45156407745834515,0.4520685497570129,11.638372173011197,-2,Persistence
382,6,-0.052023535610130844,0.4739859238123201,0.47398592414222274,11.333047042763896,0,Persistence
409,0,0.9533627503656392,0.9384262653533149,0.9770034107924297,7.28196376154162,-0.6,Persistence
409,1,0.9134131469535962,0.9536696187732211,0.9561635536039145,9.500207809340314,-0.1,Persistence
409,2,0.8893875789636616,0.9213279921263033,0.9495166397258208,9.98406263639471,1.1,Persistence
409,3,0.8256841537917798,0.9083495447675662,0.9166288652973164,12.80776964983718,1,Persistence
409,4,0.8170812681271469,0.9022900861587135,0.9133765654946162,13.028373487308523,1,Persistence
409,5,0.8519991038343072,0.8837503102736618,0.9368664832496951,11.15886060744316,1.5,Persistence
409,6,0.7940190817954007,0.8970185328623385,0.8970186990066022,14.432438106433413,-0,Persistence
410,0,0.9533627503656392,0.9384262653533149,0.9770034107924297,7.28196376154162,-0.6,Persistence
410,1,0.9134131469535962,0.9536696187732211,0.9561635536039145,9.500207809340314,-0.1,Persistence
410,2,0.8893875789636616,0.9213279921263033,0.9495166397258208,9.98406263639471,1.1,Persistence
410,3,0.8256841537917798,0.9083495447675662,0.9166288652973164,12.80776964983718,1,Persistence
410,4,0.8170812681271469,0.9022900861587135,0.9133765654946162,13.028373487308523,1,Persistence
410,5,0.8519991038343072,0.8837503102736618,0.9368664832496951,11.15886060744316,1.5,Persistence
410,6,0.7940190817954007,0.8970185328623385,0.8970186990066022,14.432438106433413,-0,Persistence
415,0,0.8519418802112432,0.9205815563285136,0.9285899849116476,3.828351047683725,2.1,Persistence
415,1,0.6096858207213822,0.8018623242836215,0.802975055713023,6.457760759647256,1.8,Persistence
415,2,0.46022964961102697,0.720288476325911,0.7221631421585806,7.7498366544667965,1.1,Persistence
415,3,0.4134921666852779,0.7067725096831246,0.7069901903166765,7.8272876614977545,1.1,Persistence
415,4,0.36266173654619194,0.6855882192621726,0.6859713965846823,8.048507964926028,0.6,Persistence
415,5,0.2568609998608009,0.6144360122748751,0.61601301814684,9.125510594775625,-0.8,Persistence
415,6,0.21749731917636306,0.6087368218038682,0.6087368399878541,9.046703662373298,0,Persistence
424,0,0.6941663313518114,0.8143864386345284,0.8731187258023857,5.4053564660339966,2.4,Persistence
424,1,0.2987872857730528,0.6669063529895966,0.674319003981132,8.677255889344973,1,Persistence
424,2,0.1843111670068469,0.6077178746441527,0.610500811664566,9.580040026054665,1.4,Persistence
424,3,0.06586140928469209,0.5736590978785706,0.6413967728780166,8.715632483906559,3.1,Persistence
424,4,-0.05468145412237835,0.5256616632839266,0.6195126769914123,8.883727143052024,3.8,Persistence
424,5,-0.0843693337404221,0.5036014859670015,0.5153534280442331,10.422413902556674,1.1,Persistence
424,6,-0.07273288511804954,0.46365620670930696,0.4636562540300826,11.473580330257212,-0,Persistence
425,0,0.5980648146895946,0.7845079768141933,0.8291680796246395,6.737926745591242,3.5,Persistence
425,1,0.2720758814964518,0.6427336474340886,0.644820919385502,9.985556585377724,3.1,Persistence
425,2,0.15507953677450992,0.591868004549116,0.5958644804372062,10.563604579845501,3.9,Persistence
425,3,-0.22338119593144246,0.45984946085296674,0.5934782131636321,9.819163572936533,6.9,Persistence
425,4,-0.44628589438600086,0.3883060847566946,0.5404262997054139,10.319031470784946,8.1,Persistence
425,5,-0.34833325108222435,0.42991715568923816,0.49936543198087185,10.928027617429631,1.4,Persistence
425,6,-0.15141904096771786,0.4242946532560996,0.4242946534964046,12.848845549421446,-0,Persistence
432,0,0.9465566729955416,0.966318663020102,0.9729672131844544,3.354187085857232,0.7,Persistence
432,1,0.8332747326270671,0.9055363372028498,0.9140701352799899,6.0478826162825055,-0.6,Persistence
432,2,0.7465823755402203,0.864904051707889,0.8693871223081767,7.422782355221284,0.2,Persistence
432,3,0.7328760509390446,0.8672155114583906,0.8676441553988499,7.294816189764209,0.6,Persistence
432,4,0.6997565310212486,0.8492998220605265,0.8585220448394159,7.418497705605818,0.6,Persistence
432,5,0.6150767682702318,0.8100432809990916,0.8108242935541071,8.688876091352546,-0.5,Persistence
432,6,0.6434816820284007,0.8217404651404151,0.821740465186238,8.500938189875846,0,Persistence
437,0,0.912952274299621,0.946199754090136,0.9555923118929894,43.05089379119393,0.3,Persistence
437,1,0.7141211886394838,0.8532612604937821,0.8671149763319591,71.28801692891919,1.1,Persistence
437,2,0.5623638346576895,0.7855742091140139,0.7889445507913367,90.55201955156289,1.7,Persistence
437,3,0.4053599318944294,0.7138281097772916,0.7262503282996032,101.5235802474284,3.7,Persistence
437,4,0.17270085873893637,0.6173795675006205,0.6584304798673072,110.14994461426198,3.7,Persistence
437,5,0.06948726709850339,0.5779789454161852,0.613084333278615,117.04210997588268,2.8,Persistence
437,6,0.12634292032893835,0.5631762527198618,0.563176257828364,132.26338041484414,-0,Persistence
439,0,0.7968665979728373,0.8613928890306417,0.8986038557693342,19.538079762514116,9,Persistence
439,1,0.47551470239693927,0.7209196855988262,0.7747228449129732,27.47126793938948,12.2,Persistence
439,2,0.1536039141833614,0.5901108575207851,0.6396544853472533,34.36024765602879,14.8,Persistence
439,3,0.09681344056883945,0.566845510264993,0.6128572855228002,35.61456051288085,15,Persistence
439,4,0.020776740529210302,0.5464541516607366,0.5967343330621036,35.83002440150121,12.8,Persistence
439,5,0.037748913070185575,0.5523263951468863,0.5608946979090975,38.01135493826225,0.5,Persistence
439,6,0.08411623175915106,0.5420491044873386,0.5420491063148521,40.312998730967124,0,Persistence
441,0,0.8930943865660956,0.9322314582162305,0.9453691862175302,46.858456854236636,2.1,Persistence
441,1,0.5863795087082906,0.7850748483668347,0.8189996197420456,80.37654097586122,4.3,Persistence
441,2,0.2760346278165311,0.6550417791873249,0.668050829078881,109.16041828412072,5.1,Persistence
441,3,0.04914310978531078,0.5669522922326495,0.6264339129838516,111.54347001630101,6.2,Persistence
441,4,-0.31172622499200764,0.43201945286560595,0.5682996405676121,116.37184854387844,7,Persistence
441,5,-0.40255197453121827,0.4103452570031648,0.5204383622786917,122.34521873900484,4.7,Persistence
441,6,-0.11672082307510157,0.44164500868175716,0.44164500950351754,146.27507246658567,-0,Persistence
445,0,0.86384630698018,0.9150689647830922,0.9298047049873421,55.20784570575925,-1.1,Persistence
445,1,0.6574748381037645,0.8293179940208685,0.82966574464931,83.07378054399148,-1,Persistence
445,2,0.44711566646015866,0.7343340123109228,0.7426172898447008,99.54624681994785,0.5,Persistence
445,3,0.2646908634658903,0.6542352117340248,0.6662538575755086,112.30667997034949,1.4,Persistence
445,4,0.1831823129087221,0.6149682897254298,0.6222541925738929,120.07660889683596,1.1,Persistence
445,5,0.1906753765316499,0.610626378767384,0.6130548178798697,123.01055306232739,0.2,Persistence
445,6,0.17154565620832563,0.5857619165656824,0.5857619232824653,129.85436239099178,0,Persistence
447,0,0.99280094324218,0.9912823180890932,0.9964752011289663,19.902025838621643,-0.2,Persistence
447,1,0.969796234225493,0.979553342315343,0.9852530889168027,40.522076800345424,-0.3,Persistence
447,2,0.9453230475103488,0.9712937858558843,0.9730319234665545,54.77593385998268,-0.4,Persistence
447,3,0.918413049717562,0.9590238671145829,0.9595270708461416,67.23687050052301,-0.5,Persistence
447,4,0.902962505977523,0.9514554580548888,0.9517357919001598,73.43854838570405,-0.4,Persistence
447,5,0.8889401455040752,0.9445317801060522,0.9446601346019584,78.5814217119146,-0.3,Persistence
447,6,0.8811733984315809,0.9405911553065089,0.9405915325510886,81.48096250902829,0,Persistence
451,0,0.7744385975772041,0.8752110386416605,0.8835289268447123,13.588235400939684,-2.2,Persistence
451,1,0.44703166303074326,0.7297371349264798,0.7318103643831695,19.865059757587996,-1.6,Persistence
451,2,0.17188625364794585,0.603396879733598,0.606443010806545,23.848257449988196,0.2,Persistence
451,3,0.059512954228472914,0.5248229530243558,0.525040057375079,26.932612081257165,1,Persistence
451,4,-2.357539203463599e-4,0.5112123988870845,0.5120714850082014,26.843538728791643,1.6,Persistence
451,5,0.007974588379427439,0.5141100154805873,0.5145886657457968,26.809006729270774,0.3,Persistence
451,6,0.014919589350732676,0.5074593636274364,0.5074593636425578,27.285811053541245,0,Persistence
454,0,0.6642332385320272,0.7228266588126293,0.8919029782569589,60.890107527901364,3,Persistence
454,1,0.35323229866131245,0.6729628299609212,0.7510820805985668,87.56489989597894,3.2,Persistence
454,2,0.1319837841413336,0.5907982199460383,0.6764885379996673,98.48704640975612,4.8,Persistence
454,3,-0.6550491683859363,0.3287144189128177,0.4826882408706284,119.02305247593888,6,Persistence
454,4,-1.7122761388063612,0.019803984779727224,0.4101499068573055,121.93566799587411,7.8,Persistence
454,5,-1.1065485491024174,0.2033718841722878,0.3415221498029802,132.10415912967522,3.4,Persistence
454,6,-0.4698072887203777,0.26509963335898845,0.26509963370300027,159.6801013059231,-0,Persistence
455,0,0.7598957540446836,0.7915212010463637,0.914028766521747,56.7857653121838,2.6,Persistence
455,1,0.4221030651872354,0.6979758047442279,0.776294584202528,87.19467162704451,3.1,Persistence
455,2,0.2244823783211205,0.6300329691834254,0.69780567770431,100.29618760424454,4.3,Persistence
455,3,-0.42505294986075914,0.3984515970512159,0.53631967050402,119.18739779047603,5.6,Persistence
455,4,-1.2449508580492123,0.140982144960763,0.459389974892705,123.99755623988678,7,Persistence
455,5,-0.926956975831166,0.2536687774399653,0.3853988531567249,134.4227085212877,3.5,Persistence
455,6,-0.39714321425042787,0.3014312289736839,0.30143122924341154,162.7594378609816,-0,Persistence
505,0,0.9952970707818647,0.9921395015292092,0.9976919400246747,4.006256529840395,-0.7,Persistence
505,1,0.9881667073810215,0.9883012226198881,0.9941825698603676,6.329532922794757,-1,Persistence
505,2,0.9826263004771056,0.9854102605721905,0.9914800410611632,7.622304230620322,-0.7,Persistence
505,3,0.9763663330726726,0.9834699882235839,0.9883838922817848,8.88033635768534,-0.5,Persistence
505,4,0.9653004939211903,0.9812826708607754,0.982798046803571,10.800783842234978,-0.3,Persistence
505,5,0.9567550647851868,0.9781393929677321,0.9784615968374742,12.097577333714415,0.1,Persistence
505,6,0.950613815511332,0.9753084612265096,0.9753091752551984,12.972921208938887,-0,Persistence
512,0,0.9987117916967878,0.9971292758655214,0.9993617315059059,1.1127734565493042,-0.3,Persistence
512,1,0.9953867798996472,0.9956276473147577,0.9976930632945521,2.112278221322505,-0.2,Persistence
512,2,0.9898764126412546,0.9908672507462122,0.9949288807034551,3.1421977113577197,0.1,Persistence
512,3,0.984075308710677,0.9873752386403715,0.992012702680716,3.9481314818997313,0.3,Persistence
512,4,0.9785075032552919,0.9868098386809824,0.9892283382145433,4.5696343525256164,0.5,Persistence
512,5,0.972173231402354,0.9845395260458021,0.9860763513327199,5.185840191840823,0.6,Persistence
512,6,0.9653117486236557,0.9826473920716915,0.9826516731843437,5.773919617938038,0,Persistence
514,0,0.7761669138973294,0.875792446148,0.8958393564653471,11.960967346573979,6.6,Persistence
514,1,0.6001739079400229,0.7769353686110347,0.8209661392594895,16.261611367299942,13.3,Persistence
514,2,0.519333688534535,0.7279524753121702,0.786371023291954,18.142368062488714,16.7,Persistence
514,3,0.47443488347810636,0.7064221503931507,0.7654897157957385,19.009739545189515,17.5,Persistence
514,4,0.43077260597171363,0.6885841356225023,0.7460332712299919,19.687595185324657,17.9,Persistence
514,5,0.8083059222834353,0.9019088297364312,0.9049049743268928,11.244397494281781,-2.4,Persistence
514,6,0.859890975378654,0.929945465306321,0.929945465307681,9.593635030200579,0,Persistence
516,0,0.9827297728729544,0.9807800905080882,0.9919140248272894,1.0992183656891734,-1.7,Persistence
516,1,0.9591272937470015,0.9673747067891741,0.9807658893283931,1.6956032416067062,-2.6,Persistence
516,2,0.9461050592536655,0.9624040963281697,0.9742819070073805,1.9499013058489343,-2.7,Persistence
516,3,0.9341021583068602,0.958435401002922,0.9681674032703769,2.156559375290555,-2.6,Persistence
516,4,0.9207772675931359,0.9526561823353996,0.9613210754599748,2.3726588901423695,-2.6,Persistence
516,5,0.9617391848202372,0.9799345982829726,0.9810082935281177,1.6262013352339435,-0.4,Persistence
516,6,0.961454715196377,0.9807232394146386,0.9807243000357561,1.640830871248649,0,Persistence
534,0,0.946345123925198,0.9548498105359244,0.9728481678241974,4.245730774305723,0.4,Persistence
534,1,0.8663188526831569,0.9189461503174587,0.9311346699979935,6.749465662456042,0.3,Persistence
534,2,0.7648183629194656,0.867044403947406,0.8774232827591585,9.035765360142557,-0.1,Persistence
534,3,0.7580959792716663,0.8764468738120222,0.8776693092781529,8.800848166534681,1.2,Persistence
534,4,0.7360482742852618,0.8657562646720236,0.8753825699521595,8.654690541544412,0.9,Persistence
534,5,0.6414908829944944,0.8233069528252129,0.826079884605764,10.293965769511315,-1.4,Persistence
534,6,0.6705832081429297,0.8352941789357953,0.8352941817410132,10.143076005558894,-0,Persistence
537,0,0.9297530564937336,0.9087116630480534,0.9655360899805993,12.398038101284644,0.1,Persistence
537,1,0.7537317573353048,0.8722060400500895,0.8840102056111832,20.24539757886431,2,Persistence
537,2,0.5132665089544208,0.750906896269999,0.7529906051145073,30.369847810611514,2.8,Persistence
537,3,0.4446688898434117,0.73036352412267,0.751857442928739,29.08066372180954,4.1,Persistence
537,4,0.24962203714374243,0.5918621475996519,0.7573799420378601,28.017177576133694,5.2,Persistence
537,5,0.08706291294244362,0.5523935702429195,0.6967535501439512,30.851412651192458,4.4,Persistence
537,6,0.167497294322265,0.5837578165590382,0.5837578301932065,39.07208316887717,-0,Persistence
584,0,0.9982473755358374,0.9990296995398997,0.9991239113220138,1.5749958971250515,-0,Persistence
584,1,0.9947169873668713,0.9955575497332885,0.9973622664845927,2.7401077308050796,0.3,Persistence
584,2,0.989512444729305,0.9927398542432104,0.9947647436687224,3.860632497223226,0.5,Persistence
584,3,0.98230421286225,0.9894776946261757,0.9911621355663791,5.013392069043676,0.5,Persistence
584,4,0.9731230262313196,0.9852887632875043,0.9865360237894597,6.190929945586527,0.5,Persistence
584,5,0.9630556231634178,0.9801994197721627,0.9814420064480799,7.276068386038936,0.3,Persistence
584,6,0.9549137370788073,0.9774368846824432,0.9774502253347445,7.991675335704977,0.1,Persistence
809,0,0.9956486952116191,0.9953646380074791,0.9978462551258191,13.094511696667672,-0.4,Persistence
809,1,0.9855246440526251,0.9870211531089529,0.9928597082712116,24.021286190341105,-1,Persistence
809,2,0.978268939325775,0.9798416517651193,0.989191326376969,29.721205995407264,-1,Persistence
809,3,0.9703248867931888,0.974309236483306,0.9851107951823418,34.942307418571836,-0.6,Persistence
809,4,0.9637634284673631,0.9751167353138872,0.9817310311710077,38.477487509736726,-0.4,Persistence
809,5,0.9571832410610147,0.9770838606128549,0.9784574664411598,41.453815500225254,-0.1,Persistence
809,6,0.9478592553537599,0.97393143508052,0.9739317150402526,45.38940662643147,-0,Persistence
811,0,0.995480199840235,0.9928533453097845,0.9977789761837802,34.838030040389796,-0.1,Persistence
811,1,0.9830939925564831,0.9888839770671457,0.9916363161863744,67.40213379792493,-0.4,Persistence
811,2,0.9720372841127374,0.9854090986845188,0.9860352769597291,87.26174695221971,-0.4,Persistence
811,3,0.962135420268427,0.9791518944961861,0.9809553280954992,102.33294360151974,-0.3,Persistence
811,4,0.9466780472369354,0.9704297990387306,0.9730863744630711,121.94851170759092,-0.1,Persistence
811,5,0.9342776083632537,0.9658073607261051,0.9668927169785335,134.88764801105924,-0,Persistence
811,6,0.9277775004811389,0.9638934394581472,0.963893855994999,140.17363191270496,-0,Persistence
812,0,0.9958979945144248,0.9924000318559634,0.997991424554494,19.218442259920536,-0.2,Persistence
812,1,0.987836309080519,0.9799925230576263,0.9942349419574471,32.75954805303145,-0.8,Persistence
812,2,0.978721543039606,0.9733155444756653,0.9899547606242076,43.132525483351614,-1.1,Persistence
812,3,0.9711938550179213,0.9748341460789219,0.9861135894185084,50.27081558065932,-0.5,Persistence
812,4,0.9670007427017512,0.97915927221207,0.9837983021496498,54.19573871558396,0.2,Persistence
812,5,0.9640959665838575,0.9811584400226605,0.982174333861146,56.9230191236132,0.1,Persistence
812,6,0.9573342463202679,0.9786669852811887,0.9786669868302934,62.42561477451876,0,Persistence
813,0,0.9507822027064424,0.9688526546009635,0.9760690885416305,3.6394341511193136,0.3,Persistence
813,1,0.8510656596055182,0.9233787884104468,0.9276827098538032,6.2967148366691585,0.2,Persistence
813,2,0.7608204487027072,0.8807305884965133,0.8807740039346905,8.1566818090092,-0.1,Persistence
813,3,0.7032509753829687,0.8482409588677011,0.8492325832929306,9.269658063254658,-0.4,Persistence
813,4,0.6601723404629045,0.8252238726764722,0.8265813225255254,9.967001669305196,-0.2,Persistence
813,5,0.6496547355448492,0.8215658894865259,0.8222304601008649,10.055190085873166,-0.2,Persistence
813,6,0.6337309114922799,0.8168278043862411,0.8168279872651165,10.126068333622982,0,Persistence
816,0,0.9960274448345965,0.9939184060695735,0.9980452226928579,17.60002229607251,-0.4,Persistence
816,1,0.9856595162571492,0.9921966830372894,0.992857121653984,33.480877695199105,0,Persistence
816,2,0.9748355076803962,0.9846342948131078,0.987480781437556,44.52575799515385,0.9,Persistence
816,3,0.9693236683689808,0.9801543507225519,0.9847196630746321,49.372190981555534,1.2,Persistence
816,4,0.9668628141469184,0.9797959507534858,0.9833923478069923,51.467021391963286,0.8,Persistence
816,5,0.9630005726364423,0.9798282806137028,0.9814068764616168,54.325752936905126,0.4,Persistence
816,6,0.9579433905176138,0.9789734499849295,0.9789738480739476,57.510720376184885,-0,Persistence
829,0,0.9633960377001238,0.9577323825021862,0.9818064095929243,4.227261028383872,-1.3,Persistence
829,1,0.9394501155866561,0.9410013663260879,0.9695921556041321,5.505899190620103,-1.6,Persistence
829,2,0.9280698026326494,0.948752843995797,0.9635458770208168,5.905545464338381,-1.6,Persistence
829,3,0.9188696906763685,0.9546173641261326,0.9590882808999198,6.155309220142336,-1.4,Persistence
829,4,0.9229452201416526,0.9590166082677835,0.9612486705840592,5.9654262989650055,-1,Persistence
829,5,0.9179410423542138,0.958822633723417,0.9589007275628895,6.11380898550437,-0.2,Persistence
829,6,0.8946177816310539,0.9473068890903117,0.9473072159541452,6.916193910553911,0,Persistence
831,0,0.9810177157881513,0.9707422449636927,0.990644192558102,2.9303710870110615,-0.6,Persistence
831,1,0.9582575679100308,0.970899375447399,0.9789158578780597,4.312593654082195,-0.4,Persistence
831,2,0.9408426840669535,0.9696290854558164,0.9706752000480986,4.99487976616916,0.2,Persistence
831,3,0.9364446612703561,0.9617474232634468,0.9691605400878185,5.1046610243728745,0.6,Persistence
831,4,0.9304913427091809,0.9600646983418101,0.9661706394303654,5.345670322996694,0.6,Persistence
831,5,0.8955265761493618,0.9439095741078234,0.9492385101159563,6.535369039776892,0.5,Persistence
831,6,0.8433642855842671,0.9216795098092403,0.921679674694471,8.18932901486147,0,Persistence
835,0,0.9378686441011568,0.9639313130250838,0.9685989600060156,46.452996795784195,-0.8,Persistence
835,1,0.7872428156272876,0.8918137856062986,0.8928076771977276,85.34129663968461,-1.2,Persistence
835,2,0.6570778823619281,0.8290879651543848,0.8292225835160537,106.99144481492293,-0.6,Persistence
835,3,0.5886840350423179,0.7979675992971246,0.7994805342506646,114.86012398606304,0.5,Persistence
835,4,0.5534050183822556,0.7815744094036217,0.784287970348966,118.72519037845655,1.1,Persistence
835,5,0.5299870489040642,0.769866336686373,0.7717595940283909,122.351813834862,1,Persistence
835,6,0.4962861495365728,0.7481156117392043,0.7481156818356614,130.18464047954566,0,Persistence
840,0,0.9911621995660206,0.9931323953598227,0.995618242367037,12.725224166210088,0,Persistence
840,1,0.9778497685357234,0.9859361819794297,0.9890590650371855,20.079643418908322,0.2,Persistence
840,2,0.9684205989991518,0.9819412484781721,0.9843798406898157,23.992292325035073,0.4,Persistence
840,3,0.9616738760916157,0.9783136458382595,0.9810624825748908,26.418108180299654,0.6,Persistence
840,4,0.954371894046473,0.9747803089617204,0.977460986407508,28.81424802198211,0.7,Persistence
840,5,0.944919968079981,0.972253877231397,0.9725242671639573,31.87322678280584,0.3,Persistence
840,6,0.9343485714089921,0.967167894244031,0.9671687882571713,34.87194682909307,0,Persistence
850,0,0.9950288282718561,0.9908821028327782,0.9975327299327814,9.45892014368215,-0.2,Persistence
850,1,0.9846418583499105,0.9878089847689029,0.9922936970102932,16.638298312033733,-0.1,Persistence
850,2,0.9735230205661948,0.9860423027786626,0.9867162398263359,21.730988871458322,0.1,Persistence
850,3,0.9649725424110657,0.9815907207646879,0.9825926356297586,24.775032830090236,0.4,Persistence
850,4,0.9547717826424867,0.9737385636556958,0.9777874352802584,27.91846424955507,0.5,Persistence
850,5,0.9407668258048555,0.9686303524290972,0.9707725694655164,32.01938471745969,0.3,Persistence
850,6,0.9241967316338559,0.9621003176628904,0.9621003913887269,36.61537630148337,-0,Persistence
851,0,0.9941367675315441,0.9914338462529141,0.9970808638645452,39.35808208816324,-0.2,Persistence
851,1,0.9826348363531315,0.9899255929092925,0.991288064295318,67.53990042258351,-0.1,Persistence
851,2,0.9629351803518443,0.9808521135064988,0.9815713089299468,97.72495892756116,0.2,Persistence
851,3,0.9526428174842658,0.9760902061320735,0.9763030001835008,111.12155123563062,0.3,Persistence
851,4,0.9380502997295204,0.9685845804518938,0.9689226893338471,127.41975765065739,0.3,Persistence
851,5,0.9163699708338151,0.9581944674432659,0.9582791128018336,147.17361749505153,0.2,Persistence
851,6,0.8955507206170357,0.9477777350322425,0.9477777921209636,164.81865566343157,-0,Persistence
2186,0,0.9820952318301737,0.9907864086845987,0.9910310335925366,14.64679359128026,0,Persistence
2186,1,0.9548732289796213,0.9712170165476273,0.9772144046316867,23.606106356772283,-0.4,Persistence
2186,2,0.9145260612809754,0.9469386521477247,0.9564643812923987,32.90661776348528,-0.7,Persistence
2186,3,0.8894120181138941,0.9397724142159195,0.9437504162047902,37.112571827078604,-0.4,Persistence
2186,4,0.8710392270663609,0.9325479681621462,0.9346016747164083,39.872446285270605,-0.3,Persistence
2186,5,0.8611716001337063,0.9307105929669831,0.9308147566052575,40.57065431368552,0.2,Persistence
2186,6,0.8583142555919601,0.9291648650419703,0.929165079529166,41.11117788660505,-0,Persistence
2188,0,0.9929309688162902,0.9932363563736807,0.9964670674049335,20.3097931659668,-0.2,Persistence
2188,1,0.9816392022354501,0.9842085775426819,0.9908046205901249,32.954443871815286,-0.5,Persistence
2188,2,0.9687696096844867,0.9725250184906467,0.98431999043452,43.40743857969076,-0.6,Persistence
2188,3,0.96086307690728,0.9672965902283985,0.9802867744918712,48.78110929795294,-0.6,Persistence
2188,4,0.9573125759009915,0.9735370407298664,0.9784489099334895,50.41476314898032,-0.2,Persistence
2188,5,0.9521987927718712,0.975416068380358,0.975987127579568,52.815343750435744,0,Persistence
2188,6,0.9403575831290356,0.9701782880911947,0.9701783036365162,58.68629452486856,0,Persistence
2199,0,0.9949212539518053,0.9916147338814926,0.9975144511062355,31.14862802403502,0.2,Persistence
2199,1,0.9821748500796068,0.9881277971107965,0.9911892685501786,58.37412865451942,0.3,Persistence
2199,2,0.9648431075247464,0.9819526451795019,0.9824962767699422,82.30051273189298,0.3,Persistence
2199,3,0.946084965808858,0.973026969524955,0.9730408389556533,102.28226759182124,0.1,Persistence
2199,4,0.9271223113373751,0.9630713709667429,0.963399397468202,119.47581034578327,-0.1,Persistence
2199,5,0.9097201183183795,0.954138467280456,0.9545971720209884,133.17968935764844,-0.2,Persistence
2199,6,0.8952540030192875,0.9476278827121758,0.9476278901872505,142.55007468425015,-0,Persistence
2203,0,0.9904087283328703,0.9938655338427854,0.9951939835665714,8.185998819435978,-0.1,Persistence
2203,1,0.9668858114951523,0.9802384774073055,0.9833270545272192,15.312063196122798,-0.3,Persistence
2203,2,0.9465291691124634,0.9693070059036841,0.972979115005852,19.541206039433938,-0.2,Persistence
2203,3,0.930887887846221,0.9621228395802086,0.9650405793786941,22.218746320749386,0,Persistence
2203,4,0.9248983186086384,0.9621181152032114,0.962548012879529,22.770235004885457,0.5,Persistence
2203,5,0.9149869562043703,0.9573464668314693,0.9576939947404165,24.175993380920655,0.3,Persistence
2203,6,0.9005719249093141,0.9502879322226102,0.9502880669859651,26.260386715512542,-0,Persistence
2204,0,0.9935435133735506,0.9932740642388901,0.9967925861648095,10.913661798233314,-0.5,Persistence
2204,1,0.9759392158064463,0.9782484629349917,0.9879792394341141,21.34836529025598,-0.9,Persistence
2204,2,0.9643425744860217,0.972831244742854,0.9820773385949457,26.06511394144352,-0.9,Persistence
2204,3,0.9563936032055107,0.9730670524286822,0.9780123986179324,28.70735815252465,-0.6,Persistence
2204,4,0.9481045867871327,0.9723183389289625,0.9738699600583502,31.135294351097386,-0.3,Persistence
2204,5,0.9381374770727678,0.9684954305723437,0.9689234200694529,33.87183068176348,-0.1,Persistence
2204,6,0.9308351365855776,0.9654218103237514,0.9654253436000569,35.62422918248361,-0,Persistence
3014,0,0.9778508542532334,0.9791370898769627,0.9892944204295389,83.98663282848047,0.9,Persistence
3014,1,0.9652501142405608,0.9728683112643567,0.9832217146302293,104.88147982850603,1.1,Persistence
3014,2,0.9527855152884094,0.9693168203180884,0.9770622968236287,122.26573926573624,0.9,Persistence
3014,3,0.9405424863451924,0.9640662370575671,0.9710495337695753,137.62872286349827,1.5,Persistence
3014,4,0.9242711477898293,0.9572258807325622,0.9629509804125668,155.87844432401064,1.8,Persistence
3014,5,0.9055500734631817,0.9463332900458555,0.9524277598796834,179.17167184426518,-1.8,Persistence
3014,6,0.9125101805951323,0.956258980425563,0.9562591572669885,169.46000124259984,-0,Persistence
3029,0,0.5392641252075274,0.7748819784392609,0.777062394424385,9.336219982026824,-0.3,Persistence
3029,1,0.1449970384006405,0.5655763022867522,0.5661958726006532,13.316103955192212,-1.8,Persistence
3029,2,-0.05010240602646432,0.4639294681161735,0.46453673534397893,14.831145926797193,-1.6,Persistence
3029,3,-0.17586428724018432,0.4181506006710146,0.41826094862332036,15.219088349207682,-0.4,Persistence
3029,4,-0.22087060390266444,0.38799898659190857,0.38800807928075476,15.711084219735614,0.2,Persistence
3029,5,-0.15389746886021038,0.3258619571549878,0.3406570976041618,17.713104737189393,-1.3,Persistence
3029,6,-0.2995457932003913,0.3502689505061076,0.3502689670015056,16.166989152470993,-0,Persistence
3047,0,0.7137522805229112,0.844094680759498,0.8512836238899619,41.62163066829276,-1.3,Persistence
3047,1,0.3171544809207869,0.6393173350770849,0.6426545656225778,64.4772671756474,-1,Persistence
3047,2,0.09925949138525625,0.4866287240842284,0.49949643266939886,79.50432660840069,-1.5,Persistence
3047,3,-0.03163050862825911,0.43777304808976225,0.44336549495473976,81.92008514015856,-0.5,Persistence
3047,4,-0.20147256861905993,0.4017376233512341,0.401755558115106,81.0902962718015,0.2,Persistence
3047,5,-0.3092493695533567,0.34016707716178474,0.34021796650490954,85.67438009825626,0.2,Persistence
3047,6,-0.3761524337458608,0.3119210567915287,0.3119216220914344,87.14527452230712,0.1,Persistence
3048,0,0.6249856438803905,0.8114677850680727,0.8213072904411789,35.71172537277864,-5.7,Persistence
3048,1,0.382647710728665,0.7038943256200676,0.7160448593775289,44.09750976164081,-6,Persistence
3048,2,0.19445858971835828,0.6285658423167004,0.6608108178821153,46.60092611775601,-4.7,Persistence
3048,3,-0.015962708643111112,0.5470758545609794,0.5954840412860498,49.78864908300979,-2.2,Persistence
3048,4,-0.2362499216308005,0.4633961173024844,0.5029630477112855,54.97417069393314,-1.8,Persistence
3048,5,0.46402164694061376,0.73255005370871,0.7472693707672122,42.451470816792956,8.4,Persistence
3048,6,0.5050323423258976,0.7525105507905958,0.7525105522327549,41.79142129685948,0,Persistence
3050,0,0.9124023942203103,0.9555048443545301,0.9560118019605592,12.425024287624808,-0.4,Persistence
3050,1,0.7530532732300832,0.8766947456664842,0.8767722261921018,20.712955354656618,-0.4,Persistence
3050,2,0.5785933969012544,0.7878863211816944,0.7879875576171886,27.273289727262576,0.2,Persistence
3050,3,0.43180796352825646,0.7042246596554994,0.7062933971108712,32.60511578655609,0.2,Persistence
3050,4,0.3531746386690995,0.6620055622885566,0.6643346930063004,34.942012861630054,0.6,Persistence
3050,5,0.2742246864097373,0.6293570817584413,0.6300060251506779,36.301699825374314,0.8,Persistence
3050,6,0.20377964015996208,0.6015420541969583,0.6015431769781281,37.28496250290238,0,Persistence
3067,0,0.461848921215269,0.7257862035552014,0.7264448813189458,15.0709723779582,-0.8,Persistence
3067,1,0.06497619105919394,0.5197614580351659,0.5204612695950807,20.04430017076644,-0.3,Persistence
3067,2,-0.10440980845361714,0.40395936353494244,0.4086358877987006,22.83997702166814,-2.3,Persistence
3067,3,-0.27924486696353235,0.34607410835707375,0.3465701583821669,23.345126879440592,1.3,Persistence
3067,4,-0.36765991662723496,0.3280258219691161,0.32853286638378526,23.200703660377393,1.9,Persistence
3067,5,-0.32587571796331427,0.2940688481911209,0.29662760024100265,24.739094513858536,0,Persistence
3067,6,-0.4236565860816137,0.2880891114993619,0.2880891685888874,24.098505316506753,0,Persistence
3076,0,0.5883027165834088,0.787581978117343,0.7891120517380757,37.16831732631582,-0.1,Persistence
3076,1,0.17613733868783688,0.5655336209881845,0.5682740000571467,53.859991280329,0.3,Persistence
3076,2,-0.002232998306303635,0.44198443858390957,0.450436798457864,62.56635176591098,-0.4,Persistence
3076,3,-0.1522166799256166,0.3892430095005124,0.3920030678381719,64.15973061075351,1.7,Persistence
3076,4,-0.23965137173818807,0.36508986522741005,0.3661459372193405,64.40144900234165,2.8,Persistence
3076,5,-0.24212534687901566,0.30484975750397436,0.3127255045637345,70.24279675778783,0.4,Persistence
3076,6,-0.3612222801459377,0.3190263336264221,0.31902687881468494,65.90085271798498,0.1,Persistence
3077,0,0.7661628427377578,0.8741326659066035,0.8795905805221467,29.379320642530818,-1.2,Persistence
3077,1,0.4892217685835104,0.7448302441336946,0.7449097709460116,41.870748577343434,-0.6,Persistence
3077,2,0.28619010119414656,0.6279577423801024,0.6301116454453953,51.471166468550415,-1.4,Persistence
3077,3,0.18258721410359602,0.5867777544583662,0.5869260395668984,53.59985286876569,-0.3,Persistence
3077,4,0.07638051904962617,0.5489505331928901,0.5497103592662844,55.00050704411271,0.8,Persistence
3077,5,0.003158830412874125,0.48609113453849817,0.48694787530861516,60.32864994645054,0.4,Persistence
3077,6,-0.061589489731243674,0.4691175381951219,0.4691177769006519,60.438069614983675,0,Persistence
3078,0,0.854560220688837,0.9270445246642838,0.9276524090555016,19.0848756001481,0.9,Persistence
3078,1,0.6609661268899575,0.8236325967384857,0.8263992368122669,30.051171951515787,1.3,Persistence
3078,2,0.5414745583298421,0.7604519573669302,0.764163140072238,35.20909158033161,2.3,Persistence
3078,3,0.4604831933589464,0.7091334106307805,0.7165888174091319,39.1822109912011,2.7,Persistence
3078,4,0.40252126403418464,0.6737450885798284,0.6836006040412751,41.75908661168553,3.5,Persistence
3078,5,0.3975660664731403,0.7046489874351607,0.7075642668772494,38.23591806744376,3.7,Persistence
3078,6,0.42234945475329166,0.7111423881551768,0.7111428120500881,38.126954434969434,0,Persistence
3080,0,0.8762992498526487,0.9377909677612922,0.938106256660305,26.95094544215063,-0.6,Persistence
3080,1,0.6557366458351142,0.824983351899899,0.8257577735691763,45.50129031360748,-1,Persistence
3080,2,0.48567760675605043,0.7193401100889272,0.7276882230167672,58.64906588937172,-2.3,Persistence
3080,3,0.35676082264098297,0.6544754856448084,0.6599612599843124,65.29083056597075,-1.4,Persistence
3080,4,0.22558596722040736,0.6035160177532115,0.6041712652943896,68.91354691654145,-0.4,Persistence
3080,5,0.08543450962642474,0.5265012919717786,0.5276728839117659,75.71023362658148,-0.4,Persistence
3080,6,-0.024686577427650347,0.4876272200702999,0.48762738477614276,77.49695960450101,0,Persistence
3081,0,0.49504667046506023,0.7306871355122471,0.7358578263892823,27.370075272674885,-1.7,Persistence
3081,1,0.07162551175770704,0.514053909011926,0.5161850967258629,36.84955630105461,-1.5,Persistence
3081,2,-0.09541787813882951,0.39685110541862745,0.40389088409481894,42.02980743317842,-2.5,Persistence
3081,3,-0.2357748787838001,0.32947518979652746,0.3339686140842976,44.082226495001024,-1,Persistence
3081,4,-0.349428000696524,0.30516224027288485,0.30575704206188326,43.78435678286458,-0.1,Persistence
3081,5,-0.285985432970872,0.24777020989354792,0.26156792675027324,48.45192928363453,-0.8,Persistence
3081,6,-0.45328132005307054,0.27316635299194136,0.2731665808864912,44.14448246716056,0.1,Persistence
3083,0,0.7375600468763392,0.859057277029013,0.864344587657762,31.99883412811322,-0.3,Persistence
3083,1,0.3884871569489947,0.6730113476065046,0.677817744764305,49.760475206009616,-0.2,Persistence
3083,2,0.22773765372808197,0.5763492385450606,0.5839082961676721,57.3661945545873,0.2,Persistence
3083,3,0.152101137095487,0.5270838982183836,0.5367472779794807,61.11152621938615,0.9,Persistence
3083,4,0.07582051571074311,0.5037447203683385,0.508500435800482,61.79462864781852,2.1,Persistence
3083,5,-0.06611265970966418,0.4437233949797177,0.4452261071020449,64.66469760911092,-0.4,Persistence
3083,6,-0.1201498034813806,0.43969782060831897,0.43969843300743755,63.6128584950847,0.1,Persistence
3646,0,0.9764977187623685,0.9700221312861836,0.9889130273258848,5.9214823963680026,1.9,Persistence
3646,1,0.9344846490998474,0.9613430162894491,0.9676277541545769,10.053074746888433,2.1,Persistence
3646,2,0.9142699956238322,0.9511211230788691,0.9566872115745029,11.736513393595176,1.5,Persistence
3646,3,0.9160350181685574,0.9531321491369997,0.9588191790242899,11.281538156840519,1.9,Persistence
3646,4,0.9091919951366539,0.9445716900862043,0.9565199170058701,11.535183665142599,1.8,Persistence
3646,5,0.9104773210639016,0.9534455864151551,0.9558990058455257,11.64964793577306,0.9,Persistence
3646,6,0.893602003986616,0.9468031230019582,0.9468032776235986,12.854841828034582,-0,Persistence
3847,0,0.9831817483806963,0.990099921131948,0.9916491171151767,11.787417012946605,-0.2,Persistence
3847,1,0.947821447881371,0.9735233336553611,0.9740049692316006,20.812145567487953,-0.4,Persistence
3847,2,0.900705992592274,0.9457512545286446,0.9497358269665964,29.306253731692173,-1,Persistence
3847,3,0.8493622412977546,0.9110384947761645,0.9223549595947038,37.03455726800506,-0.8,Persistence
3847,4,0.8780857786862353,0.938426804799341,0.9387590955857648,32.06134729073796,-0.4,Persistence
3847,5,0.8622077566676519,0.9308668721606451,0.9319495679041738,33.539131891600384,0.5,Persistence
3847,6,0.8090958354100327,0.9045858253078396,0.9045871766104047,39.89811225701304,0,Persistence
3850,0,0.7578251753356233,0.8712697152577737,0.887926469244418,42.077220011220795,1,Persistence
3850,1,0.3795138155393222,0.7007587049343278,0.737401003180642,62.65686809185806,1.9,Persistence
3850,2,0.2109311095392613,0.633504923953396,0.6732425285518018,69.26025212607473,1.6,Persistence
3850,3,0.1287182479211837,0.6014144901365456,0.6407496503739057,72.41679989741895,2.4,Persistence
3850,4,-0.017818439828109378,0.545817299746528,0.5963907592273088,75.93723056415266,2.3,Persistence
3850,5,-0.12356321978426932,0.5051786793687596,0.5438238688054713,80.84530853486962,1.4,Persistence
3850,6,-0.15184258177845367,0.4240783145080571,0.42407836766587914,97.50520817120386,0,Persistence
3852,0,0.9362053024873657,0.9671469626343169,0.968423031035427,20.919619438786697,0.2,Persistence
3852,1,0.839666714034188,0.9182210075597176,0.919058716410412,33.81187830357285,-0.5,Persistence
3852,2,0.7671754743494721,0.8682146701085715,0.878681480463452,42.49728258806152,-0.3,Persistence
3852,3,0.7759236431668812,0.8830429409393874,0.8855173343604679,40.51565155064171,-0.2,Persistence
3852,4,0.7718903917603608,0.88639624913895,0.8887123464895497,39.02805577992705,0.4,Persistence
3852,5,0.695507440213778,0.8495068841497899,0.8505440700116922,45.30359700152501,0.1,Persistence
3852,6,0.6235668284435496,0.8118739596421986,0.8118750887227079,51.2349557257715,0,Persistence
3855,0,0.7657659331929558,0.8816611446884093,0.8878498703524854,11.244177161347064,0.7,Persistence
3855,1,0.41181661991047214,0.7006158576250613,0.7011714671605201,18.793445648461294,0.7,Persistence
3855,2,0.28409915003403174,0.644889994286816,0.6449867640934567,20.222290443088312,0.1,Persistence
3855,3,0.22050362905157606,0.6030221638905471,0.6034176677758144,21.65571018724675,-0.2,Persistence
3855,4,0.201539984707773,0.6030778635539996,0.6031218515177318,21.405059843475513,0.1,Persistence
3855,5,0.14501603530917118,0.5705843132868402,0.5706107050209828,22.37972901404807,0.2,Persistence
3855,6,0.12060969658545029,0.5602605111802964,0.5602605308925163,22.598043263554565,0,Persistence
3861,0,0.9035820225792449,0.9358366808155627,0.9549600903394763,2.622407582747021,0.7,Persistence
3861,1,0.6788834660087498,0.8383327613712038,0.8507051257994424,4.7137972549055105,1.1,Persistence
3861,2,0.572824449636917,0.7891720316840197,0.8057960226043446,5.334558652444286,1,Persistence
3861,3,0.5342179674515367,0.7734842979058862,0.7850947441228225,5.624684519986865,0.9,Persistence
3861,4,0.5200369630149013,0.7669003474026339,0.771232368725745,5.855135281457703,0.5,Persistence
3861,5,0.49156914261146967,0.7505774849582421,0.7516258366471846,6.156713995069222,0.5,Persistence
3861,6,0.4301281064263811,0.7149737943527883,0.7149741029463446,6.665490858624998,0,Persistence
3867,0,0.9441462311644095,0.944448918464718,0.9720309640322545,46.54519039376927,-1.6,Persistence
3867,1,0.8610147071520097,0.8989632219000913,0.9284800424707602,75.0857396340716,-2.7,Persistence
3867,2,0.7734427306151532,0.8481298050386633,0.881128841452165,98.05263654429432,-3.7,Persistence
3867,3,0.7077886590922589,0.8157042038337917,0.8447993091818362,111.99239733534525,-3.7,Persistence
3867,4,0.6742952873617026,0.8092440508925673,0.8276938343223836,116.10558362144353,-3.1,Persistence
3867,5,0.6464718833288791,0.8117646753319943,0.8169367100560209,116.49066394158096,-1.8,Persistence
3867,6,0.5963851584154383,0.7981779856344353,0.798178018152397,119.48689658433538,0,Persistence
3913,0,0.6883449843137176,0.8448199866590798,0.8523647112111936,25.952152568492075,0.3,Persistence
3913,1,0.17986282227622752,0.6084523622164013,0.6122857657313727,41.86232764154289,1,Persistence
3913,2,-0.04345314700673142,0.5344347975490533,0.5673884644069443,42.47110253197298,1.4,Persistence
3913,3,-0.1528560872465392,0.4953712415664163,0.5385347533312099,43.45676361250911,1.8,Persistence
3913,4,-0.21314136656583038,0.4571877502738819,0.4748647745337725,47.18450823914789,1.1,Persistence
3913,5,-0.2606791766684542,0.4317222632283483,0.4451239881847359,48.726163033026474,0.9,Persistence
3913,6,-0.27005722107878105,0.3650342043880537,0.36503441339111176,54.88515987481793,0.1,Persistence
3914,0,0.7310685083271422,0.8647720240539039,0.8648661958440088,10.214280796421644,0,Persistence
3914,1,0.1707943495601375,0.5757026071980467,0.5762859115051502,18.24836624312936,0.3,Persistence
3914,2,-0.09674340493736366,0.4379607157542098,0.43865296472202653,21.023365328872828,-1.5,Persistence
3914,3,-0.2924370890157415,0.36627367810485334,0.3666972728971899,21.842863357347223,-1.2,Persistence
3914,4,-0.4917606887222281,0.31265672310907433,0.31838190792223636,21.98886429993386,-0,Persistence
3914,5,-0.5431670795743295,0.27803290044711937,0.281554532615679,22.74268650701783,1.1,Persistence
3914,6,-0.5271778998859269,0.23643915009800265,0.2364391675829219,24.217111913539863,0,Persistence
3917,0,0.9430638627300965,0.9705561436415167,0.9713777286750979,26.2411016835425,-0.3,Persistence
3917,1,0.8795439641503067,0.939484598170484,0.9396429120705694,38.01766519372117,0.4,Persistence
3917,2,0.8325840250028689,0.9162090978246474,0.916292369780471,44.71847658566602,0.4,Persistence
3917,3,0.7983786498679398,0.898485099033542,0.8986427494321361,49.337872670993896,-0.1,Persistence
3917,4,0.7716657170181532,0.8844306105049949,0.8848929747937571,52.678711953887614,-0.5,Persistence
3917,5,0.7216953912981768,0.8598962094147606,0.8600525699077535,57.98542249368453,-0.3,Persistence
3917,6,0.7021650303189999,0.8512890115245452,0.8512982897313836,59.54630942253627,0.1,Persistence
3918,0,0.8304600381396966,0.8947919457685777,0.9118343708616663,53.578930596544296,-0.4,Persistence
3918,1,0.5666848185356181,0.7779001882760799,0.7789611304721651,82.47849347658519,0.6,Persistence
3918,2,0.3643411225122042,0.6827495320771566,0.6830422653178791,97.59291737484685,1.3,Persistence
3918,3,0.35228095842333385,0.6864483108767205,0.6892806363544738,95.0244391187674,1.6,Persistence
3918,4,0.3386540739577061,0.6824090164474159,0.687051882004555,94.88377302712871,1.7,Persistence
3918,5,0.2715089047722119,0.651318422581878,0.6557027623251843,99.41936668429791,1.5,Persistence
3918,6,0.18721676844496604,0.5935787531950802,0.5935793406956812,110.60139154795088,0.1,Persistence
4176,0,0.9928136178215422,0.9951682401215802,0.9964149075089802,5.51652658342079,0.3,Persistence
4176,1,0.9710765234121735,0.9838767429155122,0.9855269978450044,11.103693949225327,0.7,Persistence
4176,2,0.9490505493924178,0.9713979335134006,0.97443050600998,14.80134063574506,1.1,Persistence
4176,3,0.9202937344636565,0.9558479705753868,0.9597971873067648,18.623637065632007,1.3,Persistence
4176,4,0.872331748921068,0.9282273466958978,0.934883800772547,23.905046414085056,1.4,Persistence
4176,5,0.8575821054678644,0.9275495731679512,0.9283054246923582,24.764464369386886,0.7,Persistence
4176,6,0.8367013401705313,0.9183498494887246,0.918349852306725,26.318791102902257,0,Persistence
4177,0,0.9939023429821693,0.9942589611431956,0.9969499023921338,5.607871970851692,-0.2,Persistence
4177,1,0.9816575662892167,0.9900284049472525,0.9908065928611202,9.714733750751956,-0.2,Persistence
4177,2,0.9539555921360691,0.9762376655864288,0.9768698342965867,15.423211588521243,-0.1,Persistence
4177,3,0.9281431564855891,0.9637369734874313,0.9639466251790192,19.23567178500366,0.1,Persistence
4177,4,0.90954313150051,0.9547433287245232,0.9548749544281335,21.456828951674396,0.3,Persistence
4177,5,0.8866351398830468,0.943375767480896,0.9435338657273242,23.984110255645557,0.2,Persistence
4177,6,0.8595647500770068,0.9297916023984447,0.92979224083874,26.78850573589843,-0,Persistence
4178,0,0.9874538061865714,0.990362751985152,0.9937669615839071,9.292454954349568,-0.7,Persistence
4178,1,0.9687447448438299,0.9755013784813401,0.9847345359944749,14.52912313166193,-1.5,Persistence
4178,2,0.9381277234417794,0.9598624285189831,0.9699445527070374,20.32798629895788,-2,Persistence
4178,3,0.91138421660755,0.9432548343431462,0.9576102775804992,24.074896687230478,-2.5,Persistence
4178,4,0.8877976826829947,0.9260338789892758,0.9476173845848577,26.669261946075753,-2.8,Persistence
4178,5,0.9026656176452778,0.9509664653723181,0.9512232378270334,26.00579383472602,0.4,Persistence
4178,6,0.8826035061739577,0.9413018765500427,0.9413018766355888,28.489248609652808,-0,Persistence
4182,0,0.9965523196189424,0.998231996719489,0.998275825226364,4.787315256308832,-0,Persistence
4182,1,0.985768579661779,0.9913505983572339,0.9928633057936562,9.768069913006844,-0.2,Persistence
4182,2,0.969399167959178,0.9821734532673921,0.9846097093466428,14.378251379314335,-0.4,Persistence
4182,3,0.9509847518631066,0.9737717972829367,0.9753321878090934,18.19118508623599,-0.4,Persistence
4182,4,0.9322838620819046,0.9654288361681282,0.9659780866096536,21.324856744383776,-0.3,Persistence
4182,5,0.9140498606259149,0.9568297940766716,0.95692097823537,23.957387020121697,-0.1,Persistence
4182,6,0.895829601638046,0.9479143751465887,0.9479143791097338,26.309149094544523,0,Persistence
4183,0,0.9971455696406696,0.9973913642904373,0.9985723555412813,2.7973011911509245,0.1,Persistence
4183,1,0.9910720155179189,0.9933378107801061,0.9955283460837387,4.95910157552756,0.3,Persistence
4183,2,0.9839917573953086,0.9902396187955624,0.9919832370652493,6.633116709940245,0.5,Persistence
4183,3,0.9762428749251144,0.9869690136044698,0.9881388535389177,8.050580564956652,0.5,Persistence
4183,4,0.9655064580415963,0.9826315766127949,0.9827401355142283,9.714440342249427,0.2,Persistence
4183,5,0.9527282111473936,0.9763681297662914,0.9763839784162505,11.353376741320474,-0,Persistence
4183,6,0.939139965208274,0.9695722289482456,0.9695756508308357,12.890476226930117,-0,Persistence
4185,0,0.9975291206387604,0.9973548401298283,0.998764465699038,2.0835492461151013,-0.1,Persistence
4185,1,0.9918507850319788,0.9938724104900012,0.9959171927101362,3.792576922162719,-0,Persistence
4185,2,0.9855246726470077,0.9914694291899921,0.9927401000024063,5.054020798741087,0.1,Persistence
4185,3,0.9775689130268208,0.9877720914306947,0.9887427746304669,6.29311631187546,0.1,Persistence
4185,4,0.9673652102524849,0.9833040217401077,0.9836361018235498,7.578973766626232,0.1,Persistence
4185,5,0.9557045116324872,0.9777993014799048,0.9778294907719779,8.811065228484184,0,Persistence
4185,6,0.9426575505622704,0.9713279602677104,0.971328020451395,10.014730105462549,0,Persistence
4213,0,0.7865664111667136,0.8923558057935214,0.892705229708407,15.664439121820758,-0.7,Persistence
4213,1,0.491668309109894,0.7460691340829163,0.7461048556858605,24.011302446016813,0.4,Persistence
4213,2,0.30812349134487993,0.6355831458050694,0.6385728296798947,29.38904005816673,-0.8,Persistence
4213,3,0.17612850119616008,0.5874786902025966,0.5875241056646608,30.6413255993926,0.6,Persistence
4213,4,0.03430504403839829,0.5182477769312608,0.5182532526670142,33.053820098402774,-0,Persistence
4213,5,-0.07264853783325109,0.43910399194836425,0.4407290449646986,36.47133176237628,0.1,Persistence
4213,6,-0.14991369141765043,0.4249653629570108,0.4249657114443918,36.156113407831796,0.1,Persistence
4214,0,0.7192420848875019,0.8603715852432735,0.8650863150514888,20.910782836119328,-0.4,Persistence
4214,1,0.5090829415113141,0.7612390549208705,0.7648527180640099,27.53187094915155,-1,Persistence
4214,2,0.3526189781438538,0.6834974663408429,0.6845302644989236,32.08391210496683,-0.5,Persistence
4214,3,0.2385238627240126,0.6061759069417425,0.6079395578336428,36.79507141527053,-2.1,Persistence
4214,4,0.1475032605887604,0.5908806869301095,0.5935310226132409,36.07913599542276,0.7,Persistence
4214,5,0.04542503111606644,0.5462883934849081,0.5502129777897052,37.77487250823349,1.7,Persistence
4214,6,-0.0019263811518512863,0.4989864770603244,0.49898696309187224,40.916745531439936,0.1,Persistence
4263,0,0.9581056651742501,0.9763344594568858,0.9789555711658423,2.01944542463104,-0.8,Persistence
4263,1,0.936275449812009,0.9660824449530245,0.9685900163239798,2.443685044072484,-0.5,Persistence
4263,2,0.9217551708078566,0.9507939630381139,0.9625834150855604,2.655014937558802,-0.1,Persistence
4263,3,0.9101516689061261,0.9436418574895697,0.9573242250939169,2.831725712502249,-0,Persistence
4263,4,0.9012117539621827,0.944187727259393,0.9523976059876433,2.9925657233299217,0.5,Persistence
4263,5,0.9016425211345163,0.9507137545463061,0.9511697415535292,3.051462881175986,-0,Persistence
4263,6,0.8859017624380771,0.9429463357726279,0.9429468411467158,3.308762925225738,0,Persistence
6158,0,0.7949201752132719,0.8974281688351208,0.8995358138120767,11.059287231225516,1,Persistence
6158,1,0.4006737955590617,0.7141158972397796,0.7274406697572586,17.732901471517156,1,Persistence
6158,2,0.15701940966016004,0.5887870502644863,0.5896933663351185,22.24683008064229,0.7,Persistence
6158,3,0.056874948421280824,0.5623776778870422,0.5725029545294882,22.101797921092405,1.3,Persistence
6158,4,-0.05096775584846758,0.5234087748842677,0.5403943491110572,22.64071112288832,0.5,Persistence
6158,5,-0.006207243929128747,0.5246587645649086,0.5289762759016639,23.449999146126693,-0.5,Persistence
6158,6,0.0382595855843616,0.519131076479005,0.5191310783430215,24.387540178942356,0,Persistence
6163,0,0.9927190419842172,0.989147821752328,0.9964580217872345,109.71262391551132,0.2,Persistence
6163,1,0.9778697204306296,0.986922603250024,0.9890471801503146,191.8955901537977,-0.2,Persistence
6163,2,0.9660591947879247,0.9821894315661646,0.9831566089165209,238.58733204668872,-0.5,Persistence
6163,3,0.9544730496714401,0.9770864596207158,0.9772789216284389,276.8803481865961,-0.3,Persistence
6163,4,0.9403111881083848,0.970068990980033,0.9701414761652049,317.5535411867183,-0.2,Persistence
6163,5,0.9286622507935384,0.9642643620990479,0.9642976676232735,347.2357338719243,-0.1,Persistence
6163,6,0.9198261163139996,0.9599085552660787,0.9599089415287927,367.7627055786957,0,Persistence
6172,0,0.9980320322331662,0.9976181906211703,0.9990164305212039,12.013334820397418,-0.1,Persistence
6172,1,0.9924838668876639,0.9931595680895791,0.9962379557697059,23.558853607946418,-0.2,Persistence
6172,2,0.9859220474354633,0.9916011094237399,0.9929395509121438,32.21038610103758,-0.1,Persistence
6172,3,0.9780962295520588,0.9890146868665217,0.9890509850584537,39.987828270933115,0.1,Persistence
6172,4,0.9699955802451631,0.9844985819034996,0.9850633873715665,46.63525719540936,0.2,Persistence
6172,5,0.9598950382355476,0.9798826845040806,0.9799872270708034,54.019125266644444,0.1,Persistence
6172,6,0.9467642201296669,0.9733814166158307,0.973381463812527,62.35534710527386,0,Persistence
6174,0,0.6801004773248798,0.8418492168037592,0.8469221470411595,21.026414490024223,0,Persistence
6174,1,0.23893823684387205,0.6173429613120027,0.6174793101354409,33.90678001258625,-0.9,Persistence
6174,2,0.06030760364087673,0.5397500247733809,0.5402676574260279,36.68231141276004,-0.4,Persistence
6174,3,-0.04401013927617514,0.49790123806698106,0.49966299429062627,37.922170780891506,0.7,Persistence
6174,4,-0.11295165622646963,0.46390365343326,0.4654521744822127,39.23636643165684,1.1,Persistence
6174,5,-0.07206740168883496,0.43613494406896436,0.438179192238164,42.03703173336491,0.1,Persistence
6174,6,-0.05498619304344743,0.4725011961145058,0.4725011963779836,39.701690368371565,0,Persistence
6202,0,0.9429423694876351,0.9713176758228385,0.971585998089211,10.269156152197437,0.1,Persistence
6202,1,0.8287784292863182,0.9127155549029097,0.9170305739054979,17.402021441023663,0.8,Persistence
6202,2,0.7543461673574681,0.8771968612406651,0.8815387489634151,20.730370827450734,0.7,Persistence
6202,3,0.7296428655190046,0.866076244183112,0.8683784393746381,21.89526359281439,0.2,Persistence
6202,4,0.7169565971512117,0.8596198891281378,0.8600572081872313,22.71091632817729,-0.3,Persistence
6202,5,0.710240676632572,0.8557460819138079,0.8558320127052759,23.114005532363564,-0.1,Persistence
6202,6,0.6928157726627753,0.8463169898634351,0.8463188334875901,23.927803180547585,0,Persistence
6395,0,0.9962705587030767,0.9928739208538779,0.99817130314358,1.5607445195335699,0.2,Persistence
6395,1,0.9901670893354553,0.989190332662336,0.9951744622350183,2.528245885624989,0.3,Persistence
6395,2,0.9802052921677037,0.9897890056919043,0.9900867103916196,3.6267089100088308,0.2,Persistence
6395,3,0.9671851318406676,0.9814404578920164,0.9834888202939354,4.700357519446502,0.1,Persistence
6395,4,0.955197666539037,0.9757892246776444,0.9774392291179268,5.493999216182154,0,Persistence
6395,5,0.9478337602873389,0.9726753240010896,0.9737467970243898,5.921094351301924,-0,Persistence
6395,6,0.9449044632588014,0.972450932923702,0.9724510281772765,6.039256476082668,0,Persistence
6398,0,0.9966641230529654,0.9908054942132386,0.9983946505592601,14.509198917568938,0.9,Persistence
6398,1,0.9892823578254759,0.990930610797147,0.9946997924079242,25.879404834780544,0.6,Persistence
6398,2,0.9781373402350328,0.9863822870795359,0.9891908496279042,36.797205233550144,-0.2,Persistence
6398,3,0.9636236879978487,0.977049454477939,0.9821308847761167,47.37392974005385,-1,Persistence
6398,4,0.9496881171915518,0.9673514702954222,0.9755507795958219,55.365109372694455,-1.4,Persistence
6398,5,0.9520689409160948,0.9661338196936391,0.9768869368749491,53.81340235506466,-1.4,Persistence
6398,6,0.9602038890018725,0.9801032745449144,0.9801035403762383,50.037941523470494,-0,Persistence
6400,0,0.9841798124311998,0.9815826900451436,0.9921218409915356,14.092686251844993,-0.6,Persistence
6400,1,0.9487365492389416,0.9677862294008853,0.9741247277103684,25.420243549234282,-0.8,Persistence
6400,2,0.9027157712862754,0.9494287056720295,0.9508824150632995,34.79632852008302,-0.4,Persistence
6400,3,0.8650167776526098,0.9314425741288601,0.9320120193754978,40.84936420378295,-0.4,Persistence
6400,4,0.8411614947919624,0.9196019539168794,0.920019178523714,44.29124026786064,-0.3,Persistence
6400,5,0.8360304324325536,0.9174614573088797,0.9176318076582894,44.88105231071342,-0.2,Persistence
6400,6,0.8263929640238381,0.9132020781564893,0.9132021460606771,45.95412314405041,-0,Persistence
6402,0,0.9968579755039786,0.9973099283474874,0.9984348542515901,1.8302294684117513,0,Persistence
6402,1,0.9870272267774299,0.9934671381014442,0.9935190053552383,3.7240871183854316,0,Persistence
6402,2,0.975727685037895,0.9874924264077226,0.9878329670690111,5.112685787560595,0,Persistence
6402,3,0.9670370505177064,0.9820186268631341,0.98342741999143,5.982581443396357,-0,Persistence
6402,4,0.9593169895096209,0.9781217373704156,0.9795318631105245,6.65105247411127,-0.1,Persistence
6402,5,0.950444981379617,0.9746898987947387,0.975119814005799,7.317703509868199,-0.1,Persistence
6402,6,0.9397261001483983,0.9698653659832942,0.9698655866941003,8.032784120563273,-0,Persistence
6405,0,0.9952940936269138,0.9948647758945847,0.9976684739940106,4.746568099892114,0.3,Persistence
6405,1,0.9856815250370166,0.9863012118753491,0.9929928973411368,8.218797306103829,0.4,Persistence
6405,2,0.972835261310686,0.9824440011194471,0.9866317615818422,11.323490903576106,0.3,Persistence
6405,3,0.9606783129477343,0.9784517614673143,0.9805513873433082,13.656942444711833,0.4,Persistence
6405,4,0.9490656368980677,0.9740922164323469,0.9746417949042436,15.619293139401018,0.4,Persistence
6405,5,0.9345115109925424,0.9672602314990495,0.967303303540798,17.748694483913713,0.1,Persistence
6405,6,0.9173216224816347,0.9586591097572047,0.9586591848808682,19.971275940179137,0,Persistence
6408,0,0.9971455696406696,0.9973913642904373,0.9985723555412813,2.7973011911509245,0.1,Persistence
6408,1,0.9910720155179189,0.9933378107801061,0.9955283460837387,4.95910157552756,0.3,Persistence
6408,2,0.9839917573953086,0.9902396187955624,0.9919832370652493,6.633116709940245,0.5,Persistence
6408,3,0.9762428749251144,0.9869690136044698,0.9881388535389177,8.050580564956652,0.5,Persistence
6408,4,0.9655064580415963,0.9826315766127949,0.9827401355142283,9.714440342249427,0.2,Persistence
6408,5,0.9527282111473936,0.9763681297662914,0.9763839784162505,11.353376741320474,-0,Persistence
6408,6,0.939139965208274,0.9695722289482456,0.9695756508308357,12.890476226930117,-0,Persistence
6409,0,0.9875470953661167,0.9895961908940274,0.9938093559255525,7.115066803696155,0.8,Persistence
6409,1,0.9670230913898379,0.9770207250440458,0.9836949096997823,11.543411584476653,1.6,Persistence
6409,2,0.9326329400086455,0.9588525255437731,0.9664508963935167,16.621908609126375,2.3,Persistence
6409,3,0.9169217841242406,0.9455001027913672,0.9592010281408444,18.33563985547305,3.6,Persistence
6409,4,0.8502868687700056,0.9129086558996001,0.9244776424130604,25.190609781244326,3.8,Persistence
6409,5,0.8238225499731588,0.9088803619654601,0.910569353635482,27.21273990300028,0.5,Persistence
6409,6,0.8076338600318058,0.9038168797082157,0.9038168797125462,27.960294294227204,0,Persistence
6424,0,0.9786200523190253,0.9892973715160154,0.9893149622526923,3.1419623699257206,0,Persistence
6424,1,0.9519443304371131,0.975973731717335,0.9759891763891412,4.709252717322086,0.1,Persistence
6424,2,0.9412608798535151,0.9701903774703644,0.9708286066187584,5.1785105095203825,0.1,Persistence
6424,3,0.919766633863742,0.9588070972998848,0.9603998062295234,6.021383473260889,0.2,Persistence
6424,4,0.9127707123388904,0.9523097178573166,0.9575940955170851,6.216705064402846,0.5,Persistence
6424,5,0.8632535327097399,0.9296107358252065,0.93345569488044,7.775536930387747,0.5,Persistence
6424,6,0.8389620964069202,0.9194702878719663,0.9194727362323027,8.627415387482777,0.1,Persistence
6430,0,0.8420658595995559,0.9115343530173398,0.9191233693617001,3.4555513726245537,-1.6,Persistence
6430,1,0.5394249753300534,0.7543382493310582,0.7592843841785631,6.00328709209932,-0.8,Persistence
6430,2,0.38567680875962784,0.7062278175030885,0.7136051876056464,6.195407497601243,0.7,Persistence
6430,3,0.32557110402370604,0.6805199799754104,0.7118219190389212,6.080856235343768,1.7,Persistence
6430,4,0.26579281216522543,0.656832073039527,0.6821675080986261,6.3919567340949905,1.5,Persistence
6430,5,0.20880866323183256,0.63085603815688,0.6450297700980948,6.808388795711809,1.7,Persistence
6430,6,0.1343963351266747,0.5671992672220527,0.5671992909342929,7.832158542776772,0,Persistence
6432,0,0.7504176746653335,0.8719557190270179,0.8818884732352146,32.56339344855043,3,Persistence
6432,1,0.18996163606437277,0.6237146240707149,0.6672409636680263,53.62739921146697,11,Persistence
6432,2,-0.8163860791050053,0.28954481800335585,0.4004228147905707,70.14873967540503,23.3,Persistence
6432,3,-1.4847204394390303,0.11722411186892356,0.27074251938828325,75.84573335002602,28.4,Persistence
6432,4,-1.7420334094776098,0.04451428898241838,0.18823403102563135,79.01067764909237,27.8,Persistence
6432,5,0.8736963679784077,0.9270804495445155,0.9352751073496719,24.912671681187533,0.5,Persistence
6432,6,0.8273769282569473,0.9136884641284735,0.9136884641284722,28.15584067758979,-0,Persistence
6433,0,0.9934038755280022,0.9959369043355167,0.9967126156940755,42.03680120983238,-0.1,Persistence
6433,1,0.9841157724440067,0.9907576782889352,0.9920423556223794,65.61918240761067,-0.3,Persistence
6433,2,0.9723713075217454,0.9852796205418329,0.9861423068250813,86.57576828293449,-0.2,Persistence
6433,3,0.9511334572409404,0.9755134208400766,0.9755620057183305,114.67600815768434,-0.2,Persistence
6433,4,0.9395803775090207,0.9693236515150221,0.969662602824752,128.05595018952602,-0,Persistence
6433,5,0.9278649818420825,0.9629567948132405,0.9636935751325126,140.31373872959938,0.1,Persistence
6433,6,0.9030590728574618,0.9515321661309144,0.9515322502233767,161.45854004890828,-0,Persistence
6552,0,0.8960567001833022,0.9431365404866717,0.9473094940958708,19.807029184422888,-1,Persistence
6552,1,0.7996170611496268,0.8985236592114872,0.8992783112326704,27.162339512273086,-1.1,Persistence
6552,2,0.7125540777430099,0.8577958774716217,0.8602421395833151,31.51000941051266,-0.5,Persistence
6552,3,0.5580274935359945,0.7786350512063432,0.7786776335402028,40.14568064138597,-0.4,Persistence
6552,4,0.5074700574505906,0.7613876706138757,0.7678133677825185,40.147847091698836,1.1,Persistence
6552,5,0.37690583764491414,0.70322728472896,0.7132777524490802,44.218248523805,0.7,Persistence
6552,6,0.32572568766110643,0.6629991190811217,0.6630009275466714,49.48728559366725,0.1,Persistence
6612,0,0.946345123925198,0.9548498105359244,0.9728481678241974,4.245730774305723,0.4,Persistence
6612,1,0.8663188526831569,0.9189461503174587,0.9311346699979935,6.749465662456042,0.3,Persistence
6612,2,0.7648183629194656,0.867044403947406,0.8774232827591585,9.035765360142557,-0.1,Persistence
6612,3,0.7580959792716663,0.8764468738120222,0.8776693092781529,8.800848166534681,1.2,Persistence
6612,4,0.7360482742852618,0.8657562646720236,0.8753825699521595,8.654690541544412,0.9,Persistence
6612,5,0.6414908829944944,0.8233069528252129,0.826079884605764,10.293965769511315,-1.4,Persistence
6612,6,0.6705832081429297,0.8352941789357953,0.8352941817410132,10.143076005558894,-0,Persistence
6623,0,0.9910713527001704,0.9893407460063125,0.9955433507880046,20.4274065365016,-0.2,Persistence
6623,1,0.9689681337146966,0.9697902385332616,0.9844679446769439,38.69388129082004,-0.6,Persistence
6623,2,0.9465418124472368,0.9595763971379748,0.9730067073536179,50.98682806704741,-0.8,Persistence
6623,3,0.9248279132270787,0.9528738536802979,0.9618395239305723,60.312572115599124,-0.7,Persistence
6623,4,0.9030759060922522,0.9454712590973795,0.9507424994233553,68.19935800102017,-0.6,Persistence
6623,5,0.8819132125440055,0.9396095325126104,0.9404447983868053,74.29287854828313,-0.3,Persistence
6623,6,0.8618170540471544,0.9309258286317712,0.9309269482114916,79.57479609024911,-0,Persistence
7127,0,0.8510659069872121,0.9236939044527992,0.9246895410908789,6.456674607597703,0.2,Persistence
7127,1,0.485232861317904,0.7387574621757763,0.7393321020552341,12.014123938404556,1.1,Persistence
7127,2,0.18195128627593027,0.5922559836906646,0.5925633949158304,14.89201933970052,1.5,Persistence
7127,3,-0.039864908824848166,0.48213497621961143,0.4823125137594422,16.78165468091473,1.3,Persistence
7127,4,-0.24333861425985015,0.39849816495587675,0.39985061444409664,17.81046644447926,2.1,Persistence
7127,5,-0.3901155308034261,0.3239158183323946,0.3245921924695364,18.9462988638035,1,Persistence
7127,6,-0.4582221901514605,0.2708976953226827,0.27089780505720507,19.956767593173282,0,Persistence
7151,0,0.9006019569642648,0.9366210992839135,0.9490919748694753,3.752456620373593,-0.1,Persistence
7151,1,0.7537018966533953,0.8726647395347804,0.8839451599810142,5.413600474123861,1.6,Persistence
7151,2,0.5905691260014245,0.7801645148735795,0.826170022495246,6.495622213767945,4.1,Persistence
7151,3,0.4680433393779925,0.733150707626085,0.7744669073852211,7.351094154432728,4.2,Persistence
7151,4,0.37258748513440887,0.6964155745633325,0.7343337297822512,7.945838384077959,3.9,Persistence
7151,5,0.3351476470664123,0.6856326800615448,0.7004733592770448,8.530321828873614,1.2,Persistence
7151,6,0.30897499294038366,0.6545134024652349,0.6545137246472172,9.519895062367208,-0,Persistence
7189,0,0.6166417519642162,0.7526934262660088,0.7906429227823474,13.983516138330923,-4.9,Persistence
7189,1,0.02876920978367814,0.5503291449811056,0.5604315511827095,17.854065701006377,-0.6,Persistence
7189,2,-0.39222808459195524,0.3866594000137009,0.4069914511565135,20.282559211899116,3.1,Persistence
7189,3,-0.46638831559852933,0.2931201885431831,0.29430705999728063,23.136215581802308,1.6,Persistence
7189,4,-0.5300213883866498,0.2865546026098452,0.2904309997132888,22.83282848239646,0.2,Persistence
7189,5,-0.3487639738041124,0.32348308557560457,0.32391600009626914,23.09186363066755,-2.4,Persistence
7189,6,-0.4261761497968777,0.28690411732201393,0.28690412015089,23.6813848640838,0,Persistence
7317,0,0.9971455696406696,0.9973913642904373,0.9985723555412813,2.7973011911509245,0.1,Persistence
7317,1,0.9910720155179189,0.9933378107801061,0.9955283460837387,4.95910157552756,0.3,Persistence
7317,2,0.9839917573953086,0.9902396187955624,0.9919832370652493,6.633116709940245,0.5,Persistence
7317,3,0.9762428749251144,0.9869690136044698,0.9881388535389177,8.050580564956652,0.5,Persistence
7317,4,0.9655064580415963,0.9826315766127949,0.9827401355142283,9.714440342249427,0.2,Persistence
7317,5,0.9527282111473936,0.9763681297662914,0.9763839784162505,11.353376741320474,-0,Persistence
7317,6,0.939139965208274,0.9695722289482456,0.9695756508308357,12.890476226930117,-0,Persistence
7372,0,0.9910042989864164,0.9824623889370357,0.9955683200185909,1.2330787486121249,-0.3,Persistence
7372,1,0.9705358015901483,0.9699639334385483,0.9852206230758485,2.2517461758995623,-0.6,Persistence
7372,2,0.9509993000333763,0.9689396052386472,0.9752112823863982,2.883917215073173,-0.1,Persistence
7372,3,0.9241509477372438,0.9615152877252646,0.9620042801018013,3.5282756454549458,0.6,Persistence
7372,4,0.885410436090465,0.9419946447878329,0.9433616040746943,4.2828416683211685,0.7,Persistence
7372,5,0.8451248793082244,0.9226431706898425,0.9234210846327162,4.979181361476162,0.3,Persistence
7372,6,0.8106580090943638,0.9053275457593891,0.9053275661509645,5.563182757523788,0,Persistence
7427,0,0.8159344011137514,0.9067985642762403,0.9072783593540495,41.661372183941324,0.5,Persistence
7427,1,0.478453582451846,0.7442100551839628,0.7455646525233149,67.98484278495911,1.2,Persistence
7427,2,0.31972332846296947,0.6742057096512113,0.6793547651427304,75.30181616786714,1.7,Persistence
7427,3,0.2930044456936892,0.6652698241585058,0.6745649049071284,75.26153820751604,1.8,Persistence
7427,4,0.2644794446393516,0.6547898992354512,0.6687973630157886,75.42418317905629,2,Persistence
7427,5,0.19717941760783808,0.6145421386712804,0.6174195317316146,82.49542908273179,0.9,Persistence
7427,6,0.126227048031733,0.5630535379242348,0.5630541524677058,90.05368986026946,0.1,Persistence
7541,0,0.9850272753934225,0.9894817979127587,0.9924889427717312,6.000130838796601,0.3,Persistence
7541,1,0.9735047012578597,0.9800436246582701,0.9867551800943628,7.987370215088105,1.3,Persistence
7541,2,0.9597991135637396,0.9686122128493827,0.9799958481563439,9.845593397880013,2.3,Persistence
7541,3,0.9388954961930455,0.960121178199761,0.9694667445545071,12.14728010123981,2.4,Persistence
7541,4,0.9253555455751018,0.9519900084012732,0.9626413406545481,13.46344263441755,2.8,Persistence
7541,5,0.9097360694498426,0.9547845065745635,0.9551128394797408,14.556544410259434,-0.2,Persistence
7541,6,0.8930778349790844,0.9465453997337507,0.9465475248481732,15.921594001457848,-0,Persistence
7588,0,0.5945239676902222,0.7898433367572569,0.7920817276061106,11.744552970648222,-1.3,Persistence
7588,1,0.2780518868271049,0.6216761193472591,0.6240650734082641,15.911403532135363,-0.4,Persistence
7588,2,0.09077364278535993,0.5606252359864473,0.5621913369988628,16.495662069116907,-0.5,Persistence
7588,3,0.03851626576495193,0.5356120119666989,0.5371559550794569,16.95878131974469,-0.8,Persistence
7588,4,0.04826582159471804,0.5380690512194211,0.5391444098945812,16.963449492221436,0.1,Persistence
7588,5,-0.12858048349545825,0.4604781335165663,0.4626470254101861,18.182936629958576,0.6,Persistence
7588,6,-0.16696509991688235,0.4165282016097882,0.41652820324934753,19.375140876885073,0,Persistence
7593,0,0.9794870850545219,0.9875918706926443,0.9898286542844685,0.7203766319833693,-0.6,Persistence
7593,1,0.9413320653077819,0.9686146200486756,0.9710941495542842,1.2087674831268258,0,Persistence
7593,2,0.9305310787444039,0.9623348455058528,0.9659174428190412,1.3120594634597582,-0.6,Persistence
7593,3,0.9152227615502724,0.9535842667995295,0.9586269412007814,1.4457283492254025,-1.2,Persistence
7593,4,0.8685614279617435,0.9309642986391298,0.9363065164614766,1.7851128522634956,-0.6,Persistence
7593,5,0.8722083513013336,0.9350442824075471,0.935598648581158,1.8211226675801497,0.1,Persistence
7593,6,0.8595503631906204,0.9297713211579945,0.9297713941514901,1.8932263744855338,-0,Persistence
7789,0,0.9617300054525459,0.9608424895383992,0.9822465288064969,1.0613888017142776,1.6,Persistence
7789,1,0.8754333123758083,0.9036188981342974,0.9460403865099506,1.8455443357088637,3.9,Persistence
7789,2,0.8162898387844038,0.8643973615668374,0.924702572241807,2.181481627836101,5.4,Persistence
7789,3,0.766890614023291,0.8303895982984162,0.9094434505169098,2.394046395130403,6.4,Persistence
7789,4,0.7251639751363257,0.8005555155631823,0.8985268241086325,2.5368580303844324,7.2,Persistence
7789,5,0.8523902337699284,0.8652465923633367,0.9418819176201205,1.927664716411861,4,Persistence
7789,6,0.8712707439724119,0.9356420262872235,0.935642208868787,2.0068063652953736,-0,Persistence
7907,0,0.9950965754827964,0.9946313641946671,0.9975517809289233,3.4040710751234076,0.4,Persistence
7907,1,0.9882429981346926,0.9916104226140716,0.9941243146746798,5.2701410200036305,0.6,Persistence
7907,2,0.9827618899349403,0.9868813464087932,0.9914375055850643,6.353753367556423,1,Persistence
7907,3,0.9771669679096796,0.9852993915606687,0.9886208333761968,7.326749846650239,0.9,Persistence
7907,4,0.9680693655524868,0.9835820179199722,0.9840017329358843,8.693435293508973,0.3,Persistence
7907,5,0.9611964881517574,0.980378734945595,0.9805790936101986,9.571338363832494,-0.3,Persistence
7907,6,0.953091356999403,0.9765466782072002,0.9765476976350679,10.51087089973477,-0,Persistence
8902,0,0.9868736500386193,0.9918377144898652,0.9934307643852767,39.58434368948803,-0.2,Persistence
8902,1,0.9639390082571644,0.9784778973063349,0.9818508820823135,66.06672393605703,-0.3,Persistence
8902,2,0.9511283307741539,0.9725778239116737,0.9753479176446948,76.96607015443577,-0.2,Persistence
8902,3,0.9420827246378617,0.9693837201174279,0.9708142397216185,83.5614728783806,0,Persistence
8902,4,0.931107966467765,0.964975130100875,0.9653875066991178,90.77161766351269,0.1,Persistence
8902,5,0.9158052340437947,0.9577730838778347,0.9578252240442202,100.0105705711295,0.1,Persistence
8902,6,0.8972180868450566,0.9486105304473927,0.9486105868806484,110.28391583624087,-0,Persistence
10014,0,0.9768642285637343,0.9858997114853681,0.9885305259443865,9.862613060058829,0.6,Persistence
10014,1,0.9581608060799804,0.9732035306114659,0.9794910271871491,13.175611833998861,1.2,Persistence
10014,2,0.9376345427258762,0.9645048441911716,0.9692913961285959,16.12477463565369,1.5,Persistence
10014,3,0.9099153464998686,0.9527024413295146,0.9554308998801951,19.42123915871116,1.4,Persistence
10014,4,0.8860537873154393,0.9397708370895648,0.9440698259708122,21.70809894094829,1.8,Persistence
10014,5,0.9009238352283792,0.9487149347011601,0.9500156809632041,20.730670038816825,-0.5,Persistence
10014,6,0.9018169446613696,0.9509084723306857,0.9509084723306854,20.424484354452844,-0,Persistence
10421,0,0.9981661663890468,0.9941423601448198,0.9991052733088643,0.27408181388341335,0.1,Persistence
10421,1,0.9918004139620951,0.9958750992839944,0.9958988706692654,0.5831020579537919,-0,Persistence
10421,2,0.9808554719634008,0.988788344687894,0.9903896547751259,0.8957993152385432,-0.1,Persistence
10421,3,0.9745397666576433,0.9864857955439605,0.9872235328692828,1.031655928655813,-0,Persistence
10421,4,0.9685202039715214,0.9833767588680784,0.984192266066696,1.1480018665163556,-0,Persistence
10421,5,0.9618846348880866,0.9796015858847748,0.980833652314164,1.2655312738957152,-0.1,Persistence
10421,6,0.9584277082780164,0.9792075111748444,0.9792094146862723,1.3127678692597546,0,Persistence
10422,0,0.9991028252243853,0.9988380626501974,0.9995515297824861,0.1293000384818635,-0,Persistence
10422,1,0.9963383970830035,0.9967971370789634,0.9981680673191993,0.26160122318264295,-0.1,Persistence
10422,2,0.9920752614050633,0.9954064027449018,0.9960316665652007,0.38473044230483106,-0.1,Persistence
10422,3,0.9865214619478557,0.9931427334627113,0.9932535722923961,0.5012438425120758,-0,Persistence
10422,4,0.9798335456867244,0.9899078873769805,0.9899134520554181,0.6126018030303599,0,Persistence
10422,5,0.9720596194264438,0.9860295866785013,0.9860309459023602,0.7207746287067761,0,Persistence
10422,6,0.9630500690658677,0.9815221713024126,0.9815230463888298,0.8290333424557194,0,Persistence
10740,0,0.9976059257468787,0.9945519243597125,0.9988229295586135,0.7090540684944385,0.1,Persistence
10740,1,0.9912665545734963,0.9931020214186205,0.995669423928097,1.3543072118622905,0.2,Persistence
10740,2,0.9835003851320997,0.9917125413082994,0.9917555098668333,1.869824919048647,0.1,Persistence
10740,3,0.9752522973713109,0.9869248661746786,0.9875840094171562,2.3007272705058694,-0,Persistence
10740,4,0.9644914679652016,0.9810859176777843,0.9821562612038433,2.7615496218693814,-0.1,Persistence
10740,5,0.9544817148980271,0.9765302126594496,0.9771359924744062,3.123793539465359,-0.1,Persistence
10740,6,0.9493244646682845,0.9746614215976412,0.9746614844492842,3.2789830012369743,0,Persistence
50179,0,0.6630144661921902,0.8037245321626343,0.8210606522391436,6.719670570139905,-2.9,Persistence
50179,1,0.23279580866601846,0.6153141403411542,0.6155044889246983,9.39784389495126,-1.2,Persistence
50179,2,-0.0840696696089187,0.4937648467786282,0.5005671040300452,10.33086264643279,2.5,Persistence
50179,3,-0.11871749018755584,0.4348377367344799,0.4354580547426188,11.429696697700603,2.5,Persistence
50179,4,-0.16678717513262353,0.4431690624860739,0.4459892194284038,11.006241852494291,2.4,Persistence
50179,5,-0.034455118285726005,0.4681957155733797,0.4688812861190997,11.18629208803682,-0.3,Persistence
50179,6,-0.013015921143261444,0.4934950464044572,0.4934950467606666,10.772628085480502,-0,Persistence
50755,0,0.9199749563332461,0.9527399224335684,0.9600883620128433,1.9387190822724245,2.5,Persistence
50755,1,0.8019314759386826,0.8927663581391125,0.8995551013516081,3.102128202530068,3.3,Persistence
50755,2,0.6909475628706159,0.8311424315675938,0.8398288850254068,3.9724539898087645,3.3,Persistence
50755,3,0.6062849139003589,0.7757801477508282,0.7907679860965616,4.63229598734131,3.4,Persistence
50755,4,0.579566738131343,0.778489262839193,0.7826827084423603,4.604065451850353,2.3,Persistence
50755,5,0.5223497478514825,0.7612129783461453,0.7627109147534178,4.703057320976054,-2.6,Persistence
50755,6,0.5654687115339265,0.7827421190999981,0.7827421662245089,4.510714561281439,-0,Persistence
54554,0,0.6538821550938909,0.8291147145877641,0.8335595600875328,0.967725644125654,1.7,Persistence
54554,1,0.21404333228197292,0.6097912369309926,0.6100677935649514,1.4979852011732704,1.3,Persistence
54554,2,-0.03440980457612364,0.4772251823989402,0.47746643181022586,1.7496808168852738,1.2,Persistence
54554,3,-0.23982624590051183,0.42849417181922933,0.43615506762465583,1.7364735629502908,1.8,Persistence
54554,4,-0.29421820429083856,0.4054179103869089,0.41313209223738717,1.7688762298567835,1.1,Persistence
54554,5,-0.2857162853517543,0.3472194285968293,0.34739796159969544,1.9598410371005743,-0.2,Persistence
54554,6,-0.28608743943052795,0.3569568708974956,0.3569569035901889,1.9305033494439183,0,Persistence
56499,0,0.9459591296182778,0.945414868733321,0.9728447711094188,12.620564243186655,-1,Persistence
56499,1,0.8774901533801944,0.9383672641449263,0.9388839391644077,18.093289904417233,-0.8,Persistence
56499,2,0.7352099489415891,0.8682613129732262,0.8684664108882691,26.477954107628136,-0.4,Persistence
56499,3,0.6342336184590514,0.8174710672143334,0.8174854338164531,31.254346313874187,-0.1,Persistence
56499,4,0.5955263489001519,0.8016997901825644,0.8038030464990915,32.014615849381215,0.3,Persistence
56499,5,0.5479271555766096,0.7787733837486209,0.7808057316887224,33.82970666346219,0.7,Persistence
56499,6,0.5219471260197297,0.7609867468591376,0.7609868278191096,35.80077136061375,-0,Persistence
57496,0,0.783144686054074,0.8905417185454751,0.890813244658673,5.903000972686749,0.3,Persistence
57496,1,0.35427579021788225,0.687983768758959,0.6914379662340834,9.700109905623211,1.8,Persistence
57496,2,0.12655307451846076,0.5986288099188786,0.6203300910641466,10.436267232671668,2.9,Persistence
57496,3,0.06877597302803584,0.574055354258103,0.5933198776635892,10.798393855028099,2.3,Persistence
57496,4,0.05107880572357637,0.561187017556517,0.5726432373093207,11.160951598899585,1.6,Persistence
57496,5,0.026177228419191012,0.5303877879596545,0.5321256746206382,11.954020861872577,1.1,Persistence
57496,6,0.013066749432495639,0.5064403804117138,0.5064404779167766,12.50422912540125,0,Persistence
